surrogate_key,Longitude,Latitude,Station_Name,Climate_ID,Date_Time,Max_Temp,Min_Temp,Mean_Temp,Total_Rain_mm,Total_Snow_cm,Total_Precip_mm,Weather_Key
0,-75.72,45.38,Ottawa,6105976,2020-09-01,25.0,13.0,19.0,0.0,0.0,0.0,610597620200901
1,-75.72,45.38,Ottawa,6105976,2020-09-02,27.0,19.5,23.3,7.0,0.0,7.0,610597620200902
2,-75.72,45.38,Ottawa,6105976,2020-09-03,24.5,14.0,19.3,2.0,0.0,2.0,610597620200903
3,-75.72,45.38,Ottawa,6105976,2020-09-04,21.0,12.0,16.5,0.4,0.0,0.4,610597620200904
4,-75.72,45.38,Ottawa,6105976,2020-09-05,21.0,9.0,15.0,2.4,0.0,2.4,610597620200905
5,-75.72,45.38,Ottawa,6105976,2020-09-06,20.5,8.5,14.5,0.0,0.0,0.0,610597620200906
6,-75.72,45.38,Ottawa,6105976,2020-09-07,25.0,11.0,18.0,1.0,0.0,1.0,610597620200907
7,-75.72,45.38,Ottawa,6105976,2020-09-08,19.0,10.0,14.5,3.2,0.0,3.2,610597620200908
8,-75.72,45.38,Ottawa,6105976,2020-09-09,16.0,12.5,14.3,3.2,0.0,3.2,610597620200909
9,-75.72,45.38,Ottawa,6105976,2020-09-10,15.5,12.0,13.8,0.0,0.0,0.0,610597620200910
10,-75.72,45.38,Ottawa,6105976,2020-09-11,17.5,8.5,13.0,0.0,0.0,0.0,610597620200911
11,-75.72,45.38,Ottawa,6105976,2020-09-12,21.0,5.0,13.0,1.4,0.0,1.4,610597620200912
12,-75.72,45.38,Ottawa,6105976,2020-09-13,22.0,14.5,18.3,6.4,0.0,6.4,610597620200913
13,-75.72,45.38,Ottawa,6105976,2020-09-14,15.0,9.5,12.3,0.0,0.0,0.0,610597620200914
14,-75.72,45.38,Ottawa,6105976,2020-09-15,16.5,2.5,9.5,0.0,0.0,0.0,610597620200915
15,-75.72,45.38,Ottawa,6105976,2020-09-16,22.5,8.0,15.3,0.0,0.0,0.0,610597620200916
16,-75.72,45.38,Ottawa,6105976,2020-09-17,14.5,9.5,12.0,0.0,0.0,0.0,610597620200917
17,-75.72,45.38,Ottawa,6105976,2020-09-18,14.0,3.0,8.5,0.0,0.0,0.0,610597620200918
18,-75.72,45.38,Ottawa,6105976,2020-09-19,13.5,1.5,7.5,0.0,0.0,0.0,610597620200919
19,-75.72,45.38,Ottawa,6105976,2020-09-20,16.0,4.0,10.0,0.0,0.0,0.0,610597620200920
20,-75.72,45.38,Ottawa,6105976,2020-09-21,18.0,1.0,9.5,0.0,0.0,0.0,610597620200921
21,-75.72,45.38,Ottawa,6105976,2020-09-22,19.5,2.0,10.8,0.0,0.0,0.0,610597620200922
22,-75.72,45.38,Ottawa,6105976,2020-09-23,24.0,12.0,18.0,0.0,0.0,0.0,610597620200923
23,-75.72,45.38,Ottawa,6105976,2020-09-24,17.5,13.5,15.5,0.0,0.0,0.0,610597620200924
24,-75.72,45.38,Ottawa,6105976,2020-09-25,18.0,10.5,14.3,0.0,0.0,0.0,610597620200925
25,-75.72,45.38,Ottawa,6105976,2020-09-26,26.0,8.0,17.0,0.0,0.0,0.0,610597620200926
26,-75.72,45.38,Ottawa,6105976,2020-09-27,26.0,16.0,21.0,0.0,0.0,0.0,610597620200927
27,-75.72,45.38,Ottawa,6105976,2020-09-28,27.5,14.5,21.0,9.2,0.0,9.2,610597620200928
28,-75.72,45.38,Ottawa,6105976,2020-09-29,19.0,15.5,17.3,12.6,0.0,12.6,610597620200929
29,-75.72,45.38,Ottawa,6105976,2020-09-30,17.0,10.5,13.8,3.6,0.0,3.6,610597620200930
30,-75.72,45.38,Ottawa,6105976,2020-10-01,19.0,9.5,14.3,0.6,0.0,0.6,610597620201001
31,-75.72,45.38,Ottawa,6105976,2020-10-02,12.5,8.0,10.3,8.6,0.0,8.6,610597620201002
32,-75.72,45.38,Ottawa,6105976,2020-10-03,13.5,4.0,8.8,0.0,0.0,0.0,610597620201003
33,-75.72,45.38,Ottawa,6105976,2020-10-04,15.0,5.0,10.0,3.9,0.0,3.9,610597620201004
34,-75.72,45.38,Ottawa,6105976,2020-10-05,13.0,8.5,10.8,0.0,0.0,0.0,610597620201005
35,-75.72,45.38,Ottawa,6105976,2020-10-06,16.5,6.5,11.5,3.2,0.0,3.2,610597620201006
36,-75.72,45.38,Ottawa,6105976,2020-10-07,17.0,9.5,13.3,15.8,0.0,15.8,610597620201007
37,-75.72,45.38,Ottawa,6105976,2020-10-08,10.5,4.5,7.5,0.0,0.0,0.0,610597620201008
38,-75.72,45.38,Ottawa,6105976,2020-10-09,18.0,-1.0,8.5,0.0,0.0,0.0,610597620201009
39,-75.72,45.38,Ottawa,6105976,2020-10-10,23.0,8.0,15.5,0.0,0.0,0.0,610597620201010
40,-75.72,45.38,Ottawa,6105976,2020-10-11,11.0,2.0,6.5,0.0,0.0,0.0,610597620201011
41,-75.72,45.38,Ottawa,6105976,2020-10-12,14.0,1.5,7.8,9.4,0.0,9.4,610597620201012
42,-75.72,45.38,Ottawa,6105976,2020-10-13,13.0,7.5,10.3,4.8,0.0,4.8,610597620201013
43,-75.72,45.38,Ottawa,6105976,2020-10-14,16.5,3.5,10.0,0.0,0.0,0.0,610597620201014
44,-75.72,45.38,Ottawa,6105976,2020-10-15,17.5,7.5,12.5,9.4,0.0,9.4,610597620201015
45,-75.72,45.38,Ottawa,6105976,2020-10-16,11.0,8.5,9.8,0.0,0.0,0.0,610597620201016
46,-75.72,45.38,Ottawa,6105976,2020-10-17,14.5,-1.0,6.8,0.0,0.0,0.0,610597620201017
47,-75.72,45.38,Ottawa,6105976,2020-10-18,14.0,3.5,8.8,0.4,0.0,0.4,610597620201018
48,-75.72,45.38,Ottawa,6105976,2020-10-19,7.5,6.0,6.8,11.8,0.0,11.8,610597620201019
49,-75.72,45.38,Ottawa,6105976,2020-10-20,9.0,4.0,6.5,6.8,0.0,6.8,610597620201020
50,-75.72,45.38,Ottawa,6105976,2020-10-21,15.5,3.5,9.5,11.8,0.0,11.8,610597620201021
51,-75.72,45.38,Ottawa,6105976,2020-10-22,12.0,3.0,7.5,0.0,0.0,0.0,610597620201022
52,-75.72,45.38,Ottawa,6105976,2020-10-23,25.0,9.5,17.3,3.6,0.0,3.6,610597620201023
53,-75.72,45.38,Ottawa,6105976,2020-10-24,8.0,4.0,6.0,0.0,0.0,0.0,610597620201024
54,-75.72,45.38,Ottawa,6105976,2020-10-25,6.5,-1.0,2.8,0.0,0.0,0.0,610597620201025
55,-75.72,45.38,Ottawa,6105976,2020-10-26,3.5,0.0,1.8,6.0,0.0,6.0,610597620201026
56,-75.72,45.38,Ottawa,6105976,2020-10-27,3.5,-2.0,0.8,0.4,0.0,0.4,610597620201027
57,-75.72,45.38,Ottawa,6105976,2020-10-28,9.5,-2.0,3.8,0.0,0.0,0.0,610597620201028
58,-75.72,45.38,Ottawa,6105976,2020-10-29,6.0,4.5,5.3,0.0,0.0,0.0,610597620201029
59,-75.72,45.38,Ottawa,6105976,2020-10-30,4.5,-4.5,0.0,0.0,0.0,0.0,610597620201030
60,-75.72,45.38,Ottawa,6105976,2020-10-31,7.0,-5.0,1.0,0.0,0.0,0.0,610597620201031
61,-75.72,45.38,Ottawa,6105976,2020-11-01,8.0,0.0,4.0,4.6,0.0,4.6,610597620201101
62,-75.72,45.38,Ottawa,6105976,2020-11-02,1.0,-2.5,-0.8,0.0,3.0,2.4,610597620201102
63,-75.72,45.38,Ottawa,6105976,2020-11-03,0.0,-4.0,-2.0,0.0,0.0,0.0,610597620201103
64,-75.72,45.38,Ottawa,6105976,2020-11-04,12.0,-2.5,4.8,0.0,0.0,0.0,610597620201104
65,-75.72,45.38,Ottawa,6105976,2020-11-05,19.5,-1.0,9.3,0.0,0.0,0.0,610597620201105
66,-75.72,45.38,Ottawa,6105976,2020-11-06,18.5,6.0,12.3,0.0,0.0,0.0,610597620201106
67,-75.72,45.38,Ottawa,6105976,2020-11-07,21.0,8.0,14.5,0.0,0.0,0.0,610597620201107
68,-75.72,45.38,Ottawa,6105976,2020-11-08,22.0,5.0,13.5,0.0,0.0,0.0,610597620201108
69,-75.72,45.38,Ottawa,6105976,2020-11-09,22.5,5.5,14.0,0.0,0.0,0.0,610597620201109
70,-75.72,45.38,Ottawa,6105976,2020-11-10,23.0,6.0,14.5,0.0,0.0,0.0,610597620201110
71,-75.72,45.38,Ottawa,6105976,2020-11-11,20.5,13.5,17.0,0.0,0.0,0.0,610597620201111
72,-75.72,45.38,Ottawa,6105976,2020-11-12,8.5,2.0,5.3,0.0,0.0,0.0,610597620201112
73,-75.72,45.38,Ottawa,6105976,2020-11-13,6.5,-2.5,2.0,0.0,0.0,0.0,610597620201113
74,-75.72,45.38,Ottawa,6105976,2020-11-14,5.0,-1.0,2.0,0.0,0.0,0.0,610597620201114
75,-75.72,45.38,Ottawa,6105976,2020-11-15,10.0,-5.0,2.5,2.4,0.0,2.4,610597620201115
76,-75.72,45.38,Ottawa,6105976,2020-11-16,8.0,2.5,5.3,0.0,1.0,0.4,610597620201116
77,-75.72,45.38,Ottawa,6105976,2020-11-17,2.5,-1.5,0.5,0.0,0.0,0.0,610597620201117
78,-75.72,45.38,Ottawa,6105976,2020-11-18,-2.0,-8.5,-5.3,0.0,0.0,0.0,610597620201118
79,-75.72,45.38,Ottawa,6105976,2020-11-19,9.0,-8.0,0.5,0.0,0.0,0.0,610597620201119
80,-75.72,45.38,Ottawa,6105976,2020-11-20,15.5,0.0,7.8,0.0,0.0,0.0,610597620201120
81,-75.72,45.38,Ottawa,6105976,2020-11-21,5.0,2.0,3.5,0.0,0.0,0.0,610597620201121
82,-75.72,45.38,Ottawa,6105976,2020-11-22,1.0,-6.0,-2.5,0.0,14.0,16.2,610597620201122
83,-75.72,45.38,Ottawa,6105976,2020-11-23,2.0,-2.0,0.0,1.4,0.0,1.4,610597620201123
84,-75.72,45.38,Ottawa,6105976,2020-11-24,-2.5,-7.0,-4.8,0.0,6.0,7.6,610597620201124
85,-75.72,45.38,Ottawa,6105976,2020-11-25,1.5,-8.5,-3.5,3.4,3.0,7.4,610597620201125
86,-75.72,45.38,Ottawa,6105976,2020-11-26,3.5,-3.0,0.3,1.0,0.0,1.0,610597620201126
87,-75.72,45.38,Ottawa,6105976,2020-11-27,5.0,0.5,2.8,0.0,0.0,0.0,610597620201127
88,-75.72,45.38,Ottawa,6105976,2020-11-28,5.5,1.0,3.3,0.0,0.0,0.0,610597620201128
89,-75.72,45.38,Ottawa,6105976,2020-11-29,8.0,0.0,4.0,0.0,0.0,0.0,610597620201129
90,-75.72,45.38,Ottawa,6105976,2020-11-30,5.5,0.0,2.8,16.2,0.0,16.2,610597620201130
91,-75.72,45.38,Ottawa,6105976,2020-12-01,6.0,3.0,4.5,3.4,2.0,6.2,610597620201201
92,-75.72,45.38,Ottawa,6105976,2020-12-02,1.5,-2.0,-0.3,0.0,1.0,0.4,610597620201202
93,-75.72,45.38,Ottawa,6105976,2020-12-03,4.0,-6.0,-1.0,1.6,0.0,1.6,610597620201203
94,-75.72,45.38,Ottawa,6105976,2020-12-04,4.0,1.0,2.5,4.0,0.0,4.0,610597620201204
95,-75.72,45.38,Ottawa,6105976,2020-12-05,1.0,-3.0,-1.0,0.0,0.0,0.0,610597620201205
96,-75.72,45.38,Ottawa,6105976,2020-12-06,-0.5,-5.5,-3.0,0.0,0.0,0.0,610597620201206
97,-75.72,45.38,Ottawa,6105976,2020-12-07,-2.0,-7.0,-4.5,0.0,0.0,0.0,610597620201207
98,-75.72,45.38,Ottawa,6105976,2020-12-08,-3.0,-9.0,-6.0,0.0,4.0,3.4,610597620201208
99,-75.72,45.38,Ottawa,6105976,2020-12-09,2.5,-8.0,-2.8,1.4,0.0,1.4,610597620201209
100,-75.72,45.38,Ottawa,6105976,2020-12-10,1.0,-0.5,0.3,0.0,0.0,0.0,610597620201210
101,-75.72,45.38,Ottawa,6105976,2020-12-11,4.5,-1.0,1.8,0.0,0.0,0.0,610597620201211
102,-75.72,45.38,Ottawa,6105976,2020-12-12,7.0,0.0,3.5,4.2,0.0,4.2,610597620201212
103,-75.72,45.38,Ottawa,6105976,2020-12-13,6.0,-2.0,2.0,0.0,0.0,0.0,610597620201213
104,-75.72,45.38,Ottawa,6105976,2020-12-14,-0.5,-4.5,-2.5,0.0,2.0,0.6,610597620201214
105,-75.72,45.38,Ottawa,6105976,2020-12-15,-10.0,-13.0,-11.5,0.0,0.0,0.0,610597620201215
106,-75.72,45.38,Ottawa,6105976,2020-12-16,-10.5,-18.0,-14.3,0.0,0.0,0.0,610597620201216
107,-75.72,45.38,Ottawa,6105976,2020-12-17,-5.0,-14.0,-9.5,0.0,0.0,0.0,610597620201217
108,-75.72,45.38,Ottawa,6105976,2020-12-18,-4.0,-13.5,-8.8,0.0,0.0,0.0,610597620201218
109,-75.72,45.38,Ottawa,6105976,2020-12-19,-3.0,-14.0,-8.5,0.0,0.0,0.0,610597620201219
110,-75.72,45.38,Ottawa,6105976,2020-12-20,2.0,-5.0,-1.5,0.8,3.0,3.2,610597620201220
111,-75.72,45.38,Ottawa,6105976,2020-12-21,4.0,-1.5,1.3,0.0,0.0,0.0,610597620201221
112,-75.72,45.38,Ottawa,6105976,2020-12-22,2.0,-1.0,0.5,0.0,0.0,0.0,610597620201222
113,-75.72,45.38,Ottawa,6105976,2020-12-23,1.0,-10.0,-4.5,0.0,0.0,0.0,610597620201223
114,-75.72,45.38,Ottawa,6105976,2020-12-24,9.0,-6.0,1.5,56.2,0.0,56.2,610597620201224
115,-75.72,45.38,Ottawa,6105976,2020-12-25,5.0,2.5,3.8,2.8,2.0,3.8,610597620201225
116,-75.72,45.38,Ottawa,6105976,2020-12-26,-6.0,-9.5,-7.8,0.0,0.0,0.0,610597620201226
117,-75.72,45.38,Ottawa,6105976,2020-12-27,-2.0,-10.0,-6.0,2.0,2.0,3.2,610597620201227
118,-75.72,45.38,Ottawa,6105976,2020-12-28,5.0,-5.0,0.0,0.0,0.0,0.0,610597620201228
119,-75.72,45.38,Ottawa,6105976,2020-12-29,-6.0,-11.5,-8.8,0.0,0.0,0.0,610597620201229
120,-75.72,45.38,Ottawa,6105976,2020-12-30,4.0,-11.0,-3.5,1.8,2.0,4.2,610597620201230
121,-75.72,45.38,Ottawa,6105976,2020-12-31,1.0,-4.0,-1.5,0.0,0.0,0.0,610597620201231
122,-79.4,43.63,Toronto,6158359,2020-09-01,26.2,19.5,22.9,0.0,0.0,1.0,615835920200901
123,-79.4,43.63,Toronto,6158359,2020-09-02,27.8,19.5,23.7,0.0,0.0,2.3,615835920200902
124,-79.4,43.63,Toronto,6158359,2020-09-03,25.5,16.3,20.9,0.0,0.0,0.0,615835920200903
125,-79.4,43.63,Toronto,6158359,2020-09-04,23.0,15.5,19.3,0.0,0.0,0.0,615835920200904
126,-79.4,43.63,Toronto,6158359,2020-09-05,21.5,14.4,18.0,0.0,0.0,0.0,615835920200905
127,-79.4,43.63,Toronto,6158359,2020-09-06,20.9,11.7,16.3,0.0,0.0,0.0,615835920200906
128,-79.4,43.63,Toronto,6158359,2020-09-07,21.2,16.8,19.0,0.0,0.0,6.3,615835920200907
129,-79.4,43.63,Toronto,6158359,2020-09-08,17.2,15.2,16.2,0.0,0.0,0.0,615835920200908
130,-79.4,43.63,Toronto,6158359,2020-09-09,17.5,15.1,16.3,0.0,0.0,0.0,615835920200909
131,-79.4,43.63,Toronto,6158359,2020-09-10,21.2,14.4,17.8,0.0,0.0,0.0,615835920200910
132,-79.4,43.63,Toronto,6158359,2020-09-11,15.7,12.1,13.9,0.0,0.0,0.0,615835920200911
133,-79.4,43.63,Toronto,6158359,2020-09-12,19.9,13.6,16.8,0.0,0.0,0.0,615835920200912
134,-79.4,43.63,Toronto,6158359,2020-09-13,25.7,16.2,21.0,0.0,0.0,9.3,615835920200913
135,-79.4,43.63,Toronto,6158359,2020-09-14,17.9,10.8,14.4,0.0,0.0,0.0,615835920200914
136,-79.4,43.63,Toronto,6158359,2020-09-15,18.8,7.9,13.4,0.0,0.0,0.0,615835920200915
137,-79.4,43.63,Toronto,6158359,2020-09-16,21.6,14.8,18.2,0.0,0.0,0.0,615835920200916
138,-79.4,43.63,Toronto,6158359,2020-09-17,19.3,10.9,15.1,0.0,0.0,0.0,615835920200917
139,-79.4,43.63,Toronto,6158359,2020-09-18,15.8,8.9,12.4,0.0,0.0,0.0,615835920200918
140,-79.4,43.63,Toronto,6158359,2020-09-19,14.0,6.3,10.2,0.0,0.0,0.0,615835920200919
141,-79.4,43.63,Toronto,6158359,2020-09-20,16.0,10.1,13.1,0.0,0.0,0.0,615835920200920
142,-79.4,43.63,Toronto,6158359,2020-09-21,17.9,11.1,14.5,0.0,0.0,0.0,615835920200921
143,-79.4,43.63,Toronto,6158359,2020-09-22,19.5,9.5,14.5,0.0,0.0,0.0,615835920200922
144,-79.4,43.63,Toronto,6158359,2020-09-23,27.1,13.8,20.5,0.0,0.0,0.0,615835920200923
145,-79.4,43.63,Toronto,6158359,2020-09-24,22.5,13.3,17.9,0.0,0.0,0.8,615835920200924
146,-79.4,43.63,Toronto,6158359,2020-09-25,20.0,15.1,17.6,0.0,0.0,0.0,615835920200925
147,-79.4,43.63,Toronto,6158359,2020-09-26,23.8,15.4,19.6,0.0,0.0,0.0,615835920200926
148,-79.4,43.63,Toronto,6158359,2020-09-27,22.7,18.2,20.5,0.0,0.0,0.0,615835920200927
149,-79.4,43.63,Toronto,6158359,2020-09-28,23.8,15.4,19.6,0.0,0.0,6.8,615835920200928
150,-79.4,43.63,Toronto,6158359,2020-09-29,18.6,13.8,16.2,0.0,0.0,1.7,615835920200929
151,-79.4,43.63,Toronto,6158359,2020-09-30,18.7,12.0,15.4,0.0,0.0,8.8,615835920200930
152,-79.4,43.63,Toronto,6158359,2020-10-01,16.2,9.2,12.7,0.0,0.0,0.5,615835920201001
153,-79.4,43.63,Toronto,6158359,2020-10-02,16.1,7.2,11.7,0.0,0.0,0.0,615835920201002
154,-79.4,43.63,Toronto,6158359,2020-10-03,12.4,4.5,8.5,0.0,0.0,0.0,615835920201003
155,-79.4,43.63,Toronto,6158359,2020-10-04,12.6,8.0,10.3,0.0,0.0,1.8,615835920201004
156,-79.4,43.63,Toronto,6158359,2020-10-05,14.6,7.9,11.3,0.0,0.0,0.0,615835920201005
157,-79.4,43.63,Toronto,6158359,2020-10-06,15.5,8.1,11.8,0.0,0.0,0.0,615835920201006
158,-79.4,43.63,Toronto,6158359,2020-10-07,19.3,9.6,14.5,0.0,0.0,2.5,615835920201007
159,-79.4,43.63,Toronto,6158359,2020-10-08,12.9,6.7,9.8,0.0,0.0,1.4,615835920201008
160,-79.4,43.63,Toronto,6158359,2020-10-09,14.3,4.3,9.3,0.0,0.0,0.0,615835920201009
161,-79.4,43.63,Toronto,6158359,2020-10-10,21.1,10.1,15.6,0.0,0.0,0.0,615835920201010
162,-79.4,43.63,Toronto,6158359,2020-10-11,11.0,7.2,9.1,0.0,0.0,0.0,615835920201011
163,-79.4,43.63,Toronto,6158359,2020-10-12,15.6,8.3,12.0,0.0,0.0,0.2,615835920201012
164,-79.4,43.63,Toronto,6158359,2020-10-13,18.5,9.2,13.9,0.0,0.0,5.5,615835920201013
165,-79.4,43.63,Toronto,6158359,2020-10-14,15.1,8.4,11.8,0.0,0.0,0.0,615835920201014
166,-79.4,43.63,Toronto,6158359,2020-10-15,15.1,9.4,12.3,0.0,0.0,10.2,615835920201015
167,-79.4,43.63,Toronto,6158359,2020-10-16,12.3,5.1,8.7,0.0,0.0,0.0,615835920201016
168,-79.4,43.63,Toronto,6158359,2020-10-17,13.8,4.7,9.3,0.0,0.0,0.0,615835920201017
169,-79.4,43.63,Toronto,6158359,2020-10-18,13.6,7.2,10.4,0.0,0.0,2.0,615835920201018
170,-79.4,43.63,Toronto,6158359,2020-10-19,8.6,6.9,7.8,0.0,0.0,4.4,615835920201019
171,-79.4,43.63,Toronto,6158359,2020-10-20,12.1,6.8,9.5,0.0,0.0,2.0,615835920201020
172,-79.4,43.63,Toronto,6158359,2020-10-21,17.6,7.4,12.5,0.0,0.0,5.5,615835920201021
173,-79.4,43.63,Toronto,6158359,2020-10-22,12.3,8.9,10.6,0.0,0.0,3.0,615835920201022
174,-79.4,43.63,Toronto,6158359,2020-10-23,20.7,9.4,15.1,0.0,0.0,3.9,615835920201023
175,-79.4,43.63,Toronto,6158359,2020-10-24,9.4,4.1,6.8,0.0,0.0,0.0,615835920201024
176,-79.4,43.63,Toronto,6158359,2020-10-25,7.7,3.4,5.6,0.0,0.0,0.0,615835920201025
177,-79.4,43.63,Toronto,6158359,2020-10-26,8.8,4.3,6.6,0.0,0.0,1.5,615835920201026
178,-79.4,43.63,Toronto,6158359,2020-10-27,7.6,4.2,5.9,0.0,0.0,6.7,615835920201027
179,-79.4,43.63,Toronto,6158359,2020-10-28,12.3,4.7,8.5,0.0,0.0,0.0,615835920201028
180,-79.4,43.63,Toronto,6158359,2020-10-29,11.0,3.0,7.0,0.0,0.0,0.0,615835920201029
181,-79.4,43.63,Toronto,6158359,2020-10-30,3.5,-1.4,1.1,0.0,0.0,0.0,615835920201030
182,-79.4,43.63,Toronto,6158359,2020-10-31,9.3,-2.3,3.5,0.0,0.0,0.0,615835920201031
183,-79.4,43.63,Toronto,6158359,2020-11-01,12.3,0.6,6.5,0.0,0.0,5.7,615835920201101
184,-79.4,43.63,Toronto,6158359,2020-11-02,8.0,-1.0,3.5,0.0,0.0,0.0,615835920201102
185,-79.4,43.63,Toronto,6158359,2020-11-03,8.1,5.1,6.6,0.0,0.0,0.0,615835920201103
186,-79.4,43.63,Toronto,6158359,2020-11-04,14.9,5.1,10.0,0.0,0.0,0.0,615835920201104
187,-79.4,43.63,Toronto,6158359,2020-11-05,15.4,9.2,12.3,0.0,0.0,0.0,615835920201105
188,-79.4,43.63,Toronto,6158359,2020-11-06,15.2,8.6,11.9,0.0,0.0,0.0,615835920201106
189,-79.4,43.63,Toronto,6158359,2020-11-07,15.7,8.8,12.3,0.0,0.0,0.0,615835920201107
190,-79.4,43.63,Toronto,6158359,2020-11-08,18.3,6.1,12.2,0.0,0.0,0.0,615835920201108
191,-79.4,43.63,Toronto,6158359,2020-11-09,13.9,8.3,11.1,0.0,0.0,0.0,615835920201109
192,-79.4,43.63,Toronto,6158359,2020-11-10,20.4,8.5,14.5,0.0,0.0,0.0,615835920201110
193,-79.4,43.63,Toronto,6158359,2020-11-11,18.7,6.5,12.6,0.0,0.0,0.0,615835920201111
194,-79.4,43.63,Toronto,6158359,2020-11-12,8.4,3.7,6.1,0.0,0.0,0.0,615835920201112
195,-79.4,43.63,Toronto,6158359,2020-11-13,10.4,4.9,7.7,0.0,0.0,0.0,615835920201113
196,-79.4,43.63,Toronto,6158359,2020-11-14,7.5,2.5,5.0,0.0,0.0,0.0,615835920201114
197,-79.4,43.63,Toronto,6158359,2020-11-15,12.4,4.3,8.4,0.0,0.0,9.5,615835920201115
198,-79.4,43.63,Toronto,6158359,2020-11-16,5.3,3.1,4.2,0.0,0.0,0.0,615835920201116
199,-79.4,43.63,Toronto,6158359,2020-11-17,4.3,-4.3,0.0,0.0,0.0,0.0,615835920201117
200,-79.4,43.63,Toronto,6158359,2020-11-18,4.1,-4.9,-0.4,0.0,0.0,0.0,615835920201118
201,-79.4,43.63,Toronto,6158359,2020-11-19,12.5,3.8,8.2,0.0,0.0,0.0,615835920201119
202,-79.4,43.63,Toronto,6158359,2020-11-20,12.2,7.2,9.7,0.0,0.0,0.0,615835920201120
203,-79.4,43.63,Toronto,6158359,2020-11-21,7.6,1.5,4.6,0.0,0.0,0.0,615835920201121
204,-79.4,43.63,Toronto,6158359,2020-11-22,3.3,0.4,1.9,0.0,0.0,17.2,615835920201122
205,-79.4,43.63,Toronto,6158359,2020-11-23,4.7,-0.4,2.2,0.0,0.0,0.0,615835920201123
206,-79.4,43.63,Toronto,6158359,2020-11-24,,,,0.0,0.0,0.0,615835920201124
207,-79.4,43.63,Toronto,6158359,2020-11-25,7.4,2.3,4.9,0.0,0.0,6.0,615835920201125
208,-79.4,43.63,Toronto,6158359,2020-11-26,11.9,6.0,9.0,0.0,0.0,1.0,615835920201126
209,-79.4,43.63,Toronto,6158359,2020-11-27,7.7,5.6,6.7,0.0,0.0,0.0,615835920201127
210,-79.4,43.63,Toronto,6158359,2020-11-28,7.7,3.8,5.8,0.0,0.0,0.0,615835920201128
211,-79.4,43.63,Toronto,6158359,2020-11-29,8.8,2.9,5.9,0.0,0.0,0.0,615835920201129
212,-79.4,43.63,Toronto,6158359,2020-11-30,6.5,0.2,3.4,0.0,0.0,27.8,615835920201130
213,-79.4,43.63,Toronto,6158359,2020-12-01,0.6,-1.6,-0.5,0.0,0.0,2.6,615835920201201
214,-79.4,43.63,Toronto,6158359,2020-12-02,4.8,-0.7,2.1,0.0,0.0,0.0,615835920201202
215,-79.4,43.63,Toronto,6158359,2020-12-03,5.8,1.4,3.6,0.0,0.0,0.0,615835920201203
216,-79.4,43.63,Toronto,6158359,2020-12-04,4.6,1.7,3.2,0.0,0.0,4.2,615835920201204
217,-79.4,43.63,Toronto,6158359,2020-12-05,2.7,-3.3,-0.3,0.0,0.0,0.0,615835920201205
218,-79.4,43.63,Toronto,6158359,2020-12-06,1.6,-4.6,-1.5,0.0,0.0,0.0,615835920201206
219,-79.4,43.63,Toronto,6158359,2020-12-07,1.4,-4.9,-1.8,0.0,0.0,0.0,615835920201207
220,-79.4,43.63,Toronto,6158359,2020-12-08,2.9,-5.2,-1.2,0.0,0.0,0.0,615835920201208
221,-79.4,43.63,Toronto,6158359,2020-12-09,5.2,0.4,2.8,0.0,0.0,5.0,615835920201209
222,-79.4,43.63,Toronto,6158359,2020-12-10,7.0,1.1,4.1,0.0,0.0,0.0,615835920201210
223,-79.4,43.63,Toronto,6158359,2020-12-11,7.7,1.4,4.6,0.0,0.0,0.0,615835920201211
224,-79.4,43.63,Toronto,6158359,2020-12-12,7.6,3.8,5.7,0.0,0.0,9.4,615835920201212
225,-79.4,43.63,Toronto,6158359,2020-12-13,6.7,0.3,3.5,0.0,0.0,0.0,615835920201213
226,-79.4,43.63,Toronto,6158359,2020-12-14,2.7,-1.6,0.6,0.0,0.0,0.0,615835920201214
227,-79.4,43.63,Toronto,6158359,2020-12-15,-1.4,-6.7,-4.1,0.0,0.0,0.0,615835920201215
228,-79.4,43.63,Toronto,6158359,2020-12-16,-3.2,-6.4,-4.8,0.0,0.0,0.0,615835920201216
229,-79.4,43.63,Toronto,6158359,2020-12-17,-3.2,-7.0,-5.1,0.0,0.0,0.0,615835920201217
230,-79.4,43.63,Toronto,6158359,2020-12-18,0.7,-7.2,-3.3,0.0,0.0,0.0,615835920201218
231,-79.4,43.63,Toronto,6158359,2020-12-19,3.3,0.6,2.0,0.0,0.0,1.2,615835920201219
232,-79.4,43.63,Toronto,6158359,2020-12-20,4.7,1.5,3.1,0.0,0.0,0.4,615835920201220
233,-79.4,43.63,Toronto,6158359,2020-12-21,4.3,-0.2,2.1,0.0,0.0,0.0,615835920201221
234,-79.4,43.63,Toronto,6158359,2020-12-22,4.4,0.4,2.4,0.0,0.0,0.0,615835920201222
235,-79.4,43.63,Toronto,6158359,2020-12-23,7.5,1.7,4.6,0.0,0.0,0.7,615835920201223
236,-79.4,43.63,Toronto,6158359,2020-12-24,8.0,-2.1,3.0,0.0,0.0,11.6,615835920201224
237,-79.4,43.63,Toronto,6158359,2020-12-25,0.5,-4.0,-1.8,0.0,0.0,1.9,615835920201225
238,-79.4,43.63,Toronto,6158359,2020-12-26,-1.4,-3.9,-2.7,0.0,0.0,0.0,615835920201226
239,-79.4,43.63,Toronto,6158359,2020-12-27,4.1,-2.5,0.8,0.0,0.0,0.2,615835920201227
240,-79.4,43.63,Toronto,6158359,2020-12-28,5.1,-1.7,1.7,0.0,0.0,3.6,615835920201228
241,-79.4,43.63,Toronto,6158359,2020-12-29,-0.1,-4.0,-2.1,0.0,0.0,0.0,615835920201229
242,-79.4,43.63,Toronto,6158359,2020-12-30,5.1,-2.8,1.2,0.0,0.0,5.1,615835920201230
243,-79.4,43.63,Toronto,6158359,2020-12-31,2.6,-2.4,0.1,0.0,0.0,0.0,615835920201231
244,-79.47,43.78,Newmarket,615S001,2020-09-01,,,,0.0,0.0,0.0,615S00120200901
245,-79.47,43.78,Newmarket,615S001,2020-09-02,,,,0.0,0.0,0.0,615S00120200902
246,-79.47,43.78,Newmarket,615S001,2020-09-03,28.0,12.5,20.3,3.6,0.0,3.6,615S00120200903
247,-79.47,43.78,Newmarket,615S001,2020-09-04,,,,0.0,0.0,0.0,615S00120200904
248,-79.47,43.78,Newmarket,615S001,2020-09-05,,,,0.0,0.0,0.0,615S00120200905
249,-79.47,43.78,Newmarket,615S001,2020-09-06,,,,0.0,0.0,0.0,615S00120200906
250,-79.47,43.78,Newmarket,615S001,2020-09-07,,,,0.0,0.0,0.0,615S00120200907
251,-79.47,43.78,Newmarket,615S001,2020-09-08,,,,0.0,0.0,0.0,615S00120200908
252,-79.47,43.78,Newmarket,615S001,2020-09-09,,,,0.0,0.0,0.0,615S00120200909
253,-79.47,43.78,Newmarket,615S001,2020-09-10,19.0,16.0,17.5,0.6,0.0,0.6,615S00120200910
254,-79.47,43.78,Newmarket,615S001,2020-09-11,19.5,12.0,15.8,0.0,0.0,0.0,615S00120200911
255,-79.47,43.78,Newmarket,615S001,2020-09-12,21.0,7.5,14.3,0.0,0.0,0.0,615S00120200912
256,-79.47,43.78,Newmarket,615S001,2020-09-13,26.0,17.5,21.8,3.8,0.0,3.8,615S00120200913
257,-79.47,43.78,Newmarket,615S001,2020-09-14,17.5,12.0,14.8,0.0,0.0,0.0,615S00120200914
258,-79.47,43.78,Newmarket,615S001,2020-09-15,19.5,4.0,11.8,0.0,0.0,0.0,615S00120200915
259,-79.47,43.78,Newmarket,615S001,2020-09-16,25.5,11.5,18.5,0.0,0.0,0.0,615S00120200916
260,-79.47,43.78,Newmarket,615S001,2020-09-17,19.0,12.5,15.8,0.0,0.0,0.0,615S00120200917
261,-79.47,43.78,Newmarket,615S001,2020-09-18,16.0,4.0,10.0,0.0,0.0,0.0,615S00120200918
262,-79.47,43.78,Newmarket,615S001,2020-09-19,16.5,0.0,8.3,0.0,0.0,0.0,615S00120200919
263,-79.47,43.78,Newmarket,615S001,2020-09-20,18.0,5.5,11.8,0.0,0.0,0.0,615S00120200920
264,-79.47,43.78,Newmarket,615S001,2020-09-21,,,,0.0,0.0,0.0,615S00120200921
265,-79.47,43.78,Newmarket,615S001,2020-09-22,,,,0.0,0.0,0.0,615S00120200922
266,-79.47,43.78,Newmarket,615S001,2020-09-23,,,,0.0,0.0,0.0,615S00120200923
267,-79.47,43.78,Newmarket,615S001,2020-09-24,,,,0.0,0.0,0.0,615S00120200924
268,-79.47,43.78,Newmarket,615S001,2020-09-25,27.0,12.5,19.8,0.0,0.0,0.0,615S00120200925
269,-79.47,43.78,Newmarket,615S001,2020-09-26,26.0,12.0,19.0,0.0,0.0,0.0,615S00120200926
270,-79.47,43.78,Newmarket,615S001,2020-09-27,27.0,18.0,22.5,0.0,0.0,0.0,615S00120200927
271,-79.47,43.78,Newmarket,615S001,2020-09-28,27.0,17.0,22.0,12.6,0.0,12.6,615S00120200928
272,-79.47,43.78,Newmarket,615S001,2020-09-29,19.5,12.0,15.8,1.0,0.0,1.0,615S00120200929
273,-79.47,43.78,Newmarket,615S001,2020-09-30,18.0,10.5,14.3,4.4,0.0,4.4,615S00120200930
274,-79.47,43.78,Newmarket,615S001,2020-10-01,18.0,10.0,14.0,0.2,0.0,0.2,615S00120201001
275,-79.47,43.78,Newmarket,615S001,2020-10-02,,,,0.0,0.0,0.0,615S00120201002
276,-79.47,43.78,Newmarket,615S001,2020-10-03,,,,0.0,0.0,0.0,615S00120201003
277,-79.47,43.78,Newmarket,615S001,2020-10-04,,,,0.0,0.0,0.0,615S00120201004
278,-79.47,43.78,Newmarket,615S001,2020-10-05,16.0,1.0,8.5,0.0,0.0,0.0,615S00120201005
279,-79.47,43.78,Newmarket,615S001,2020-10-06,19.5,5.0,12.3,0.2,0.0,0.2,615S00120201006
280,-79.47,43.78,Newmarket,615S001,2020-10-07,19.0,12.5,15.8,2.6,0.0,2.6,615S00120201007
281,-79.47,43.78,Newmarket,615S001,2020-10-08,,,,0.0,0.0,0.0,615S00120201008
282,-79.47,43.78,Newmarket,615S001,2020-10-09,,,,0.0,0.0,0.0,615S00120201009
283,-79.47,43.78,Newmarket,615S001,2020-10-10,,,,0.0,0.0,0.0,615S00120201010
284,-79.47,43.78,Newmarket,615S001,2020-10-11,12.0,1.5,6.8,0.0,0.0,0.0,615S00120201011
285,-79.47,43.78,Newmarket,615S001,2020-10-12,16.0,6.0,11.0,5.8,0.0,5.8,615S00120201012
286,-79.47,43.78,Newmarket,615S001,2020-10-13,18.5,10.0,14.3,0.0,0.0,0.0,615S00120201013
287,-79.47,43.78,Newmarket,615S001,2020-10-14,17.0,7.0,12.0,0.6,0.0,0.6,615S00120201014
288,-79.47,43.78,Newmarket,615S001,2020-10-15,15.0,10.0,12.5,10.4,0.0,10.4,615S00120201015
289,-79.47,43.78,Newmarket,615S001,2020-10-16,12.0,4.0,8.0,0.0,0.0,0.0,615S00120201016
290,-79.47,43.78,Newmarket,615S001,2020-10-17,13.5,0.0,6.8,0.0,0.0,0.0,615S00120201017
291,-79.47,43.78,Newmarket,615S001,2020-10-18,,,,0.0,0.0,0.0,615S00120201018
292,-79.47,43.78,Newmarket,615S001,2020-10-19,,,,0.0,0.0,0.0,615S00120201019
293,-79.47,43.78,Newmarket,615S001,2020-10-20,,,,0.0,0.0,0.0,615S00120201020
294,-79.47,43.78,Newmarket,615S001,2020-10-21,16.5,5.0,10.8,2.8,0.0,2.8,615S00120201021
295,-79.47,43.78,Newmarket,615S001,2020-10-22,12.5,5.0,8.8,0.2,0.0,0.2,615S00120201022
296,-79.47,43.78,Newmarket,615S001,2020-10-23,,,,0.0,0.0,0.0,615S00120201023
297,-79.47,43.78,Newmarket,615S001,2020-10-24,8.0,4.0,6.0,0.0,0.0,0.0,615S00120201024
298,-79.47,43.78,Newmarket,615S001,2020-10-25,7.0,1.0,4.0,1.2,0.0,1.2,615S00120201025
299,-79.47,43.78,Newmarket,615S001,2020-10-26,8.0,2.0,5.0,0.0,0.0,0.0,615S00120201026
300,-79.47,43.78,Newmarket,615S001,2020-10-27,6.0,4.5,5.3,8.4,0.0,8.4,615S00120201027
301,-79.47,43.78,Newmarket,615S001,2020-10-28,,,,0.0,0.0,0.0,615S00120201028
302,-79.47,43.78,Newmarket,615S001,2020-10-29,,,,0.0,0.0,0.0,615S00120201029
303,-79.47,43.78,Newmarket,615S001,2020-10-30,,,,0.0,0.0,0.0,615S00120201030
304,-79.47,43.78,Newmarket,615S001,2020-10-31,11.0,-7.5,1.8,0.0,0.0,0.0,615S00120201031
305,-79.47,43.78,Newmarket,615S001,2020-11-01,8.5,0.0,4.3,0.2,4.0,6.6,615S00120201101
306,-79.47,43.78,Newmarket,615S001,2020-11-02,7.0,-2.5,2.3,0.0,0.0,0.0,615S00120201102
307,-79.47,43.78,Newmarket,615S001,2020-11-03,7.0,3.0,5.0,0.0,0.0,0.0,615S00120201103
308,-79.47,43.78,Newmarket,615S001,2020-11-04,,,,0.0,0.0,0.0,615S00120201104
309,-79.47,43.78,Newmarket,615S001,2020-11-05,,,,0.0,0.0,0.0,615S00120201105
310,-79.47,43.78,Newmarket,615S001,2020-11-06,21.0,4.5,12.8,0.0,0.0,0.0,615S00120201106
311,-79.47,43.78,Newmarket,615S001,2020-11-07,,,,0.0,0.0,0.0,615S00120201107
312,-79.47,43.78,Newmarket,615S001,2020-11-08,,,,0.0,0.0,0.0,615S00120201108
313,-79.47,43.78,Newmarket,615S001,2020-11-09,,,,0.0,0.0,0.0,615S00120201109
314,-79.47,43.78,Newmarket,615S001,2020-11-10,24.5,5.5,15.0,1.0,0.0,1.0,615S00120201110
315,-79.47,43.78,Newmarket,615S001,2020-11-11,18.0,10.5,14.3,0.0,0.0,0.0,615S00120201111
316,-79.47,43.78,Newmarket,615S001,2020-11-12,11.0,4.0,7.5,0.0,0.0,0.0,615S00120201112
317,-79.47,43.78,Newmarket,615S001,2020-11-13,9.0,-1.0,4.0,0.2,0.0,0.2,615S00120201113
318,-79.47,43.78,Newmarket,615S001,2020-11-14,8.5,2.0,5.3,3.2,0.0,3.2,615S00120201114
319,-79.47,43.78,Newmarket,615S001,2020-11-15,12.5,-1.5,5.5,0.6,0.0,0.6,615S00120201115
320,-79.47,43.78,Newmarket,615S001,2020-11-16,5.0,2.0,3.5,0.0,0.0,0.0,615S00120201116
321,-79.47,43.78,Newmarket,615S001,2020-11-17,,,,0.0,0.0,0.0,615S00120201117
322,-79.47,43.78,Newmarket,615S001,2020-11-18,,,,0.0,0.0,0.0,615S00120201118
323,-79.47,43.78,Newmarket,615S001,2020-11-19,,,,0.0,0.0,0.0,615S00120201119
324,-79.47,43.78,Newmarket,615S001,2020-11-20,17.5,12.0,14.8,0.0,0.0,0.0,615S00120201120
325,-79.47,43.78,Newmarket,615S001,2020-11-21,5.5,2.5,4.0,0.0,0.0,0.0,615S00120201121
326,-79.47,43.78,Newmarket,615S001,2020-11-22,1.0,-3.5,-1.3,0.0,22.4,23.2,615S00120201122
327,-79.47,43.78,Newmarket,615S001,2020-11-23,4.0,-1.0,1.5,0.0,0.0,0.0,615S00120201123
328,-79.47,43.78,Newmarket,615S001,2020-11-24,3.0,-2.0,0.5,0.8,1.0,1.8,615S00120201124
329,-79.47,43.78,Newmarket,615S001,2020-11-25,7.0,-1.0,3.0,7.0,0.0,7.0,615S00120201125
330,-79.47,43.78,Newmarket,615S001,2020-11-26,11.0,4.0,7.5,0.0,0.0,0.0,615S00120201126
331,-79.47,43.78,Newmarket,615S001,2020-11-27,8.0,6.0,7.0,0.0,0.0,0.0,615S00120201127
332,-79.47,43.78,Newmarket,615S001,2020-11-28,7.5,2.0,4.8,0.0,0.0,0.0,615S00120201128
333,-79.47,43.78,Newmarket,615S001,2020-11-29,11.0,-2.0,4.5,0.0,0.0,0.0,615S00120201129
334,-79.47,43.78,Newmarket,615S001,2020-11-30,4.5,1.5,3.0,19.0,5.4,25.4,615S00120201130
335,-79.47,43.78,Newmarket,615S001,2020-12-01,0.0,-2.5,-1.3,0.0,3.8,3.4,615S00120201201
336,-79.47,43.78,Newmarket,615S001,2020-12-02,4.0,-3.0,0.5,0.0,0.0,0.0,615S00120201202
337,-79.47,43.78,Newmarket,615S001,2020-12-03,5.0,-3.0,1.0,1.4,1.6,4.8,615S00120201203
338,-79.47,43.78,Newmarket,615S001,2020-12-04,3.0,0.0,1.5,0.0,0.0,0.0,615S00120201204
339,-79.47,43.78,Newmarket,615S001,2020-12-05,0.5,-2.5,-1.0,0.0,0.0,0.0,615S00120201205
340,-79.47,43.78,Newmarket,615S001,2020-12-06,1.0,-7.0,-3.0,0.0,0.0,0.0,615S00120201206
341,-79.47,43.78,Newmarket,615S001,2020-12-07,0.0,-7.0,-3.5,0.0,0.0,0.0,615S00120201207
342,-79.47,43.78,Newmarket,615S001,2020-12-08,1.5,-7.0,-2.8,0.0,9.0,8.0,615S00120201208
343,-79.47,43.78,Newmarket,615S001,2020-12-09,4.0,-0.5,1.8,0.0,0.0,0.0,615S00120201209
344,-79.47,43.78,Newmarket,615S001,2020-12-10,5.0,1.5,3.3,0.0,0.0,0.0,615S00120201210
345,-79.47,43.78,Newmarket,615S001,2020-12-11,9.0,-2.5,3.3,0.0,0.0,0.0,615S00120201211
346,-79.47,43.78,Newmarket,615S001,2020-12-12,9.0,2.5,5.8,8.0,0.0,8.0,615S00120201212
347,-79.47,43.78,Newmarket,615S001,2020-12-13,1.0,-1.0,0.0,0.0,0.0,0.0,615S00120201213
348,-79.47,43.78,Newmarket,615S001,2020-12-14,1.5,-1.5,0.0,0.0,0.0,0.0,615S00120201214
349,-79.47,43.78,Newmarket,615S001,2020-12-15,-2.0,-5.5,-3.8,0.0,0.0,0.0,615S00120201215
350,-79.47,43.78,Newmarket,615S001,2020-12-16,-6.5,-10.0,-8.3,0.0,0.6,0.6,615S00120201216
351,-79.47,43.78,Newmarket,615S001,2020-12-17,-2.0,-9.0,-5.5,0.0,0.0,0.0,615S00120201217
352,-79.47,43.78,Newmarket,615S001,2020-12-18,0.0,-11.5,-5.8,0.0,0.0,0.0,615S00120201218
353,-79.47,43.78,Newmarket,615S001,2020-12-19,2.0,-8.0,-3.0,2.8,0.4,3.4,615S00120201219
354,-79.47,43.78,Newmarket,615S001,2020-12-20,4.5,0.0,2.3,0.6,0.0,0.6,615S00120201220
355,-79.47,43.78,Newmarket,615S001,2020-12-21,4.5,-2.0,1.3,0.2,0.0,0.2,615S00120201221
356,-79.47,43.78,Newmarket,615S001,2020-12-22,3.0,-1.0,1.0,0.0,0.0,0.0,615S00120201222
357,-79.47,43.78,Newmarket,615S001,2020-12-23,8.5,0.0,4.3,5.6,0.0,5.6,615S00120201223
358,-79.47,43.78,Newmarket,615S001,2020-12-24,8.0,2.0,5.0,0.8,10.0,14.0,615S00120201224
359,-79.47,43.78,Newmarket,615S001,2020-12-25,-0.5,-3.0,-1.8,0.0,4.6,3.2,615S00120201225
360,-79.47,43.78,Newmarket,615S001,2020-12-26,-2.0,-6.0,-4.0,0.0,0.6,0.4,615S00120201226
361,-79.47,43.78,Newmarket,615S001,2020-12-27,4.5,-4.5,0.0,6.4,0.0,6.4,615S00120201227
362,-79.47,43.78,Newmarket,615S001,2020-12-28,2.0,-1.0,0.5,0.2,0.0,0.2,615S00120201228
363,-79.47,43.78,Newmarket,615S001,2020-12-29,-1.5,-5.5,-3.5,0.0,2.2,2.4,615S00120201229
364,-79.47,43.78,Newmarket,615S001,2020-12-30,5.0,-7.0,-1.0,2.2,0.0,2.2,615S00120201230
365,-79.47,43.78,Newmarket,615S001,2020-12-31,1.5,-1.0,0.3,0.0,0.0,0.0,615S00120201231
366,-78.88,43.92,Whitby,6155875,2020-09-01,26.3,17.7,22.0,0.0,0.0,0.0,615587520200901
367,-78.88,43.92,Whitby,6155875,2020-09-02,26.3,14.5,20.4,0.0,0.0,11.2,615587520200902
368,-78.88,43.92,Whitby,6155875,2020-09-03,25.3,12.9,19.1,0.0,0.0,4.0,615587520200903
369,-78.88,43.92,Whitby,6155875,2020-09-04,22.2,9.9,16.1,0.0,0.0,0.0,615587520200904
370,-78.88,43.92,Whitby,6155875,2020-09-05,21.5,7.1,14.3,0.0,0.0,0.0,615587520200905
371,-78.88,43.92,Whitby,6155875,2020-09-06,20.4,6.6,13.5,0.0,0.0,0.0,615587520200906
372,-78.88,43.92,Whitby,6155875,2020-09-07,22.2,14.8,18.5,0.0,0.0,7.0,615587520200907
373,-78.88,43.92,Whitby,6155875,2020-09-08,15.9,13.7,14.8,0.0,0.0,0.0,615587520200908
374,-78.88,43.92,Whitby,6155875,2020-09-09,18.4,14.0,16.2,0.0,0.0,0.0,615587520200909
375,-78.88,43.92,Whitby,6155875,2020-09-10,20.6,12.6,16.6,0.0,0.0,0.2,615587520200910
376,-78.88,43.92,Whitby,6155875,2020-09-11,16.6,7.3,12.0,0.0,0.0,0.0,615587520200911
377,-78.88,43.92,Whitby,6155875,2020-09-12,20.9,7.0,14.0,0.0,0.0,0.0,615587520200912
378,-78.88,43.92,Whitby,6155875,2020-09-13,25.6,13.9,19.8,0.0,0.0,4.9,615587520200913
379,-78.88,43.92,Whitby,6155875,2020-09-14,17.0,7.4,12.2,0.0,0.0,0.0,615587520200914
380,-78.88,43.92,Whitby,6155875,2020-09-15,,,,0.0,0.0,0.0,615587520200915
381,-78.88,43.92,Whitby,6155875,2020-09-16,21.5,13.9,17.7,0.0,0.0,0.0,615587520200916
382,-78.88,43.92,Whitby,6155875,2020-09-17,19.4,7.7,13.6,0.0,0.0,0.0,615587520200917
383,-78.88,43.92,Whitby,6155875,2020-09-18,15.5,3.8,9.7,0.0,0.0,0.0,615587520200918
384,-78.88,43.92,Whitby,6155875,2020-09-19,13.7,0.2,7.0,0.0,0.0,0.0,615587520200919
385,-78.88,43.92,Whitby,6155875,2020-09-20,16.0,3.3,9.7,0.0,0.0,0.0,615587520200920
386,-78.88,43.92,Whitby,6155875,2020-09-21,18.0,2.5,10.3,0.0,0.0,0.0,615587520200921
387,-78.88,43.92,Whitby,6155875,2020-09-22,19.3,4.1,11.7,0.0,0.0,0.0,615587520200922
388,-78.88,43.92,Whitby,6155875,2020-09-23,25.4,7.0,16.2,0.0,0.0,0.0,615587520200923
389,-78.88,43.92,Whitby,6155875,2020-09-24,23.6,7.7,15.7,0.0,0.0,0.0,615587520200924
390,-78.88,43.92,Whitby,6155875,2020-09-25,22.8,12.3,17.6,0.0,0.0,0.0,615587520200925
391,-78.88,43.92,Whitby,6155875,2020-09-26,23.1,11.7,17.4,0.0,0.0,0.0,615587520200926
392,-78.88,43.92,Whitby,6155875,2020-09-27,24.3,15.5,19.9,0.0,0.0,0.0,615587520200927
393,-78.88,43.92,Whitby,6155875,2020-09-28,25.1,13.8,19.5,0.0,0.0,1.9,615587520200928
394,-78.88,43.92,Whitby,6155875,2020-09-29,18.1,12.2,15.2,0.0,0.0,3.9,615587520200929
395,-78.88,43.92,Whitby,6155875,2020-09-30,17.1,7.6,12.4,0.0,0.0,12.7,615587520200930
396,-78.88,43.92,Whitby,6155875,2020-10-01,16.8,7.3,12.1,0.0,0.0,0.4,615587520201001
397,-78.88,43.92,Whitby,6155875,2020-10-02,13.8,5.5,9.7,0.0,0.0,0.0,615587520201002
398,-78.88,43.92,Whitby,6155875,2020-10-03,12.8,2.1,7.5,0.0,0.0,2.7,615587520201003
399,-78.88,43.92,Whitby,6155875,2020-10-04,12.3,4.7,8.5,0.0,0.0,1.1,615587520201004
400,-78.88,43.92,Whitby,6155875,2020-10-05,15.0,6.7,10.9,0.0,0.0,0.2,615587520201005
401,-78.88,43.92,Whitby,6155875,2020-10-06,16.0,6.4,11.2,0.0,0.0,0.0,615587520201006
402,-78.88,43.92,Whitby,6155875,2020-10-07,17.1,7.4,12.3,0.0,0.0,2.9,615587520201007
403,-78.88,43.92,Whitby,6155875,2020-10-08,13.4,2.4,7.9,0.0,0.0,0.0,615587520201008
404,-78.88,43.92,Whitby,6155875,2020-10-09,15.8,0.3,8.1,0.0,0.0,0.0,615587520201009
405,-78.88,43.92,Whitby,6155875,2020-10-10,22.4,6.9,14.7,0.0,0.0,0.2,615587520201010
406,-78.88,43.92,Whitby,6155875,2020-10-11,12.5,3.8,8.2,0.0,0.0,0.0,615587520201011
407,-78.88,43.92,Whitby,6155875,2020-10-12,15.6,7.0,11.3,0.0,0.0,0.5,615587520201012
408,-78.88,43.92,Whitby,6155875,2020-10-13,17.6,6.6,12.1,0.0,0.0,4.2,615587520201013
409,-78.88,43.92,Whitby,6155875,2020-10-14,16.0,5.7,10.9,0.0,0.0,0.0,615587520201014
410,-78.88,43.92,Whitby,6155875,2020-10-15,15.6,8.5,12.1,0.0,0.0,11.9,615587520201015
411,-78.88,43.92,Whitby,6155875,2020-10-16,11.7,0.5,6.1,0.0,0.0,0.0,615587520201016
412,-78.88,43.92,Whitby,6155875,2020-10-17,12.2,-1.6,5.3,0.0,0.0,0.0,615587520201017
413,-78.88,43.92,Whitby,6155875,2020-10-18,13.3,7.2,10.3,0.0,0.0,2.7,615587520201018
414,-78.88,43.92,Whitby,6155875,2020-10-19,8.1,5.9,7.0,0.0,0.0,6.8,615587520201019
415,-78.88,43.92,Whitby,6155875,2020-10-20,11.2,5.4,8.3,0.0,0.0,0.8,615587520201020
416,-78.88,43.92,Whitby,6155875,2020-10-21,17.1,4.3,10.7,0.0,0.0,5.0,615587520201021
417,-78.88,43.92,Whitby,6155875,2020-10-22,12.5,6.3,9.4,0.0,0.0,0.5,615587520201022
418,-78.88,43.92,Whitby,6155875,2020-10-23,22.2,9.4,15.8,0.0,0.0,1.5,615587520201023
419,-78.88,43.92,Whitby,6155875,2020-10-24,9.3,-0.3,4.5,0.0,0.0,0.0,615587520201024
420,-78.88,43.92,Whitby,6155875,2020-10-25,6.7,0.6,3.7,0.0,0.0,0.0,615587520201025
421,-78.88,43.92,Whitby,6155875,2020-10-26,7.7,3.3,5.5,0.0,0.0,1.3,615587520201026
422,-78.88,43.92,Whitby,6155875,2020-10-27,5.5,0.7,3.1,0.0,0.0,4.7,615587520201027
423,-78.88,43.92,Whitby,6155875,2020-10-28,11.3,-1.1,5.1,0.0,0.0,0.0,615587520201028
424,-78.88,43.92,Whitby,6155875,2020-10-29,9.9,0.8,5.4,0.0,0.0,0.0,615587520201029
425,-78.88,43.92,Whitby,6155875,2020-10-30,4.2,-4.9,-0.4,0.0,0.0,0.0,615587520201030
426,-78.88,43.92,Whitby,6155875,2020-10-31,7.0,-7.3,-0.2,0.0,0.0,0.0,615587520201031
427,-78.88,43.92,Whitby,6155875,2020-11-01,11.2,0.0,5.6,0.0,0.0,2.8,615587520201101
428,-78.88,43.92,Whitby,6155875,2020-11-02,7.4,-3.5,2.0,0.0,0.0,0.0,615587520201102
429,-78.88,43.92,Whitby,6155875,2020-11-03,7.5,2.1,4.8,0.0,0.0,0.0,615587520201103
430,-78.88,43.92,Whitby,6155875,2020-11-04,15.7,-0.3,7.7,0.0,0.0,0.0,615587520201104
431,-78.88,43.92,Whitby,6155875,2020-11-05,16.6,5.3,11.0,0.0,0.0,0.0,615587520201105
432,-78.88,43.92,Whitby,6155875,2020-11-06,18.0,1.8,9.9,0.0,0.0,0.0,615587520201106
433,-78.88,43.92,Whitby,6155875,2020-11-07,18.0,2.3,10.2,0.0,0.0,0.0,615587520201107
434,-78.88,43.92,Whitby,6155875,2020-11-08,18.1,1.5,9.8,0.0,0.0,0.0,615587520201108
435,-78.88,43.92,Whitby,6155875,2020-11-09,19.0,4.4,11.7,0.0,0.0,0.0,615587520201109
436,-78.88,43.92,Whitby,6155875,2020-11-10,19.8,4.9,12.4,0.0,0.0,0.0,615587520201110
437,-78.88,43.92,Whitby,6155875,2020-11-11,18.8,3.7,11.3,0.0,0.0,0.2,615587520201111
438,-78.88,43.92,Whitby,6155875,2020-11-12,9.4,-1.6,3.9,0.0,0.0,0.0,615587520201112
439,-78.88,43.92,Whitby,6155875,2020-11-13,8.7,-0.2,4.3,0.0,0.0,0.0,615587520201113
440,-78.88,43.92,Whitby,6155875,2020-11-14,7.6,-2.1,2.8,0.0,0.0,0.0,615587520201114
441,-78.88,43.92,Whitby,6155875,2020-11-15,12.2,4.6,8.4,0.0,0.0,8.3,615587520201115
442,-78.88,43.92,Whitby,6155875,2020-11-16,4.9,2.2,3.6,0.0,0.0,0.0,615587520201116
443,-78.88,43.92,Whitby,6155875,2020-11-17,2.8,-6.1,-1.7,0.0,0.0,0.8,615587520201117
444,-78.88,43.92,Whitby,6155875,2020-11-18,2.2,-6.3,-2.1,0.0,0.0,0.0,615587520201118
445,-78.88,43.92,Whitby,6155875,2020-11-19,14.6,1.8,8.2,0.0,0.0,0.0,615587520201119
446,-78.88,43.92,Whitby,6155875,2020-11-20,15.2,5.5,10.4,0.0,0.0,0.0,615587520201120
447,-78.88,43.92,Whitby,6155875,2020-11-21,6.0,1.6,3.8,0.0,0.0,0.0,615587520201121
448,-78.88,43.92,Whitby,6155875,2020-11-22,1.8,-0.2,0.8,0.0,0.0,5.1,615587520201122
449,-78.88,43.92,Whitby,6155875,2020-11-23,3.1,-0.6,1.3,0.0,0.0,8.7,615587520201123
450,-78.88,43.92,Whitby,6155875,2020-11-24,,,,0.0,0.0,0.0,615587520201124
451,-78.88,43.92,Whitby,6155875,2020-11-25,7.0,0.6,3.8,0.0,0.0,7.8,615587520201125
452,-78.88,43.92,Whitby,6155875,2020-11-26,10.6,6.2,8.4,0.0,0.0,1.1,615587520201126
453,-78.88,43.92,Whitby,6155875,2020-11-27,7.7,5.3,6.5,0.0,0.0,0.0,615587520201127
454,-78.88,43.92,Whitby,6155875,2020-11-28,7.1,1.9,4.5,0.0,0.0,0.2,615587520201128
455,-78.88,43.92,Whitby,6155875,2020-11-29,8.9,-4.1,2.4,0.0,0.0,0.0,615587520201129
456,-78.88,43.92,Whitby,6155875,2020-11-30,5.3,1.1,3.2,0.0,0.0,21.5,615587520201130
457,-78.88,43.92,Whitby,6155875,2020-12-01,1.1,-1.9,-0.4,0.0,0.0,1.2,615587520201201
458,-78.88,43.92,Whitby,6155875,2020-12-02,3.3,-4.3,-0.5,0.0,0.0,0.0,615587520201202
459,-78.88,43.92,Whitby,6155875,2020-12-03,4.9,-4.7,0.1,0.0,0.0,0.5,615587520201203
460,-78.88,43.92,Whitby,6155875,2020-12-04,3.1,-1.8,0.7,0.0,0.0,11.6,615587520201204
461,-78.88,43.92,Whitby,6155875,2020-12-05,1.2,-4.6,-1.7,0.0,0.0,0.0,615587520201205
462,-78.88,43.92,Whitby,6155875,2020-12-06,-0.5,-5.5,-3.0,0.0,0.0,0.0,615587520201206
463,-78.88,43.92,Whitby,6155875,2020-12-07,-2.4,-7.7,-5.1,0.0,0.0,0.0,615587520201207
464,-78.88,43.92,Whitby,6155875,2020-12-08,2.0,-7.6,-2.8,0.0,0.0,0.0,615587520201208
465,-78.88,43.92,Whitby,6155875,2020-12-09,3.0,-0.1,1.5,0.0,0.0,8.0,615587520201209
466,-78.88,43.92,Whitby,6155875,2020-12-10,4.4,-2.7,0.9,0.0,0.0,0.2,615587520201210
467,-78.88,43.92,Whitby,6155875,2020-12-11,7.5,-2.6,2.5,0.0,0.0,0.0,615587520201211
468,-78.88,43.92,Whitby,6155875,2020-12-12,8.3,2.9,5.6,0.0,0.0,5.9,615587520201212
469,-78.88,43.92,Whitby,6155875,2020-12-13,7.1,-0.6,3.3,0.0,0.0,0.0,615587520201213
470,-78.88,43.92,Whitby,6155875,2020-12-14,1.7,-3.2,-0.8,0.0,0.0,0.0,615587520201214
471,-78.88,43.92,Whitby,6155875,2020-12-15,-2.7,-8.7,-5.7,0.0,0.0,0.0,615587520201215
472,-78.88,43.92,Whitby,6155875,2020-12-16,-7.3,-11.0,-9.2,0.0,0.0,0.0,615587520201216
473,-78.88,43.92,Whitby,6155875,2020-12-17,-3.2,-10.1,-6.7,0.0,0.0,0.0,615587520201217
474,-78.88,43.92,Whitby,6155875,2020-12-18,-2.6,-11.9,-7.3,0.0,0.0,0.0,615587520201218
475,-78.88,43.92,Whitby,6155875,2020-12-19,8.6,-8.9,-0.2,0.0,0.0,1.5,615587520201219
476,-78.88,43.92,Whitby,6155875,2020-12-20,4.0,1.6,2.8,0.0,0.0,2.3,615587520201220
477,-78.88,43.92,Whitby,6155875,2020-12-21,3.6,-4.6,-0.5,0.0,0.0,0.0,615587520201221
478,-78.88,43.92,Whitby,6155875,2020-12-22,3.4,-2.1,0.7,0.0,0.0,0.0,615587520201222
479,-78.88,43.92,Whitby,6155875,2020-12-23,6.6,-0.5,3.1,0.0,0.0,1.2,615587520201223
480,-78.88,43.92,Whitby,6155875,2020-12-24,8.8,-1.0,3.9,0.0,0.0,13.8,615587520201224
481,-78.88,43.92,Whitby,6155875,2020-12-25,-0.7,-4.7,-2.7,0.0,0.0,0.0,615587520201225
482,-78.88,43.92,Whitby,6155875,2020-12-26,-2.2,-4.8,-3.5,0.0,0.0,0.0,615587520201226
483,-78.88,43.92,Whitby,6155875,2020-12-27,2.3,-4.1,-0.9,0.0,0.0,1.6,615587520201227
484,-78.88,43.92,Whitby,6155875,2020-12-28,4.8,-2.8,1.0,0.0,0.0,7.5,615587520201228
485,-78.88,43.92,Whitby,6155875,2020-12-29,-1.3,-7.4,-4.4,0.0,0.0,0.0,615587520201229
486,-78.88,43.92,Whitby,6155875,2020-12-30,5.1,-5.4,-0.2,0.0,0.0,5.1,615587520201230
487,-78.88,43.92,Whitby,6155875,2020-12-31,2.4,-4.8,-1.2,0.0,0.0,0.0,615587520201231
488,-79.63,43.68,Mississauga,6158731,2020-09-01,28.1,18.6,23.4,10.4,0.0,10.4,615873120200901
489,-79.63,43.68,Mississauga,6158731,2020-09-02,28.3,17.8,23.1,1.6,0.0,1.6,615873120200902
490,-79.63,43.68,Mississauga,6158731,2020-09-03,28.6,14.9,21.8,2.0,0.0,2.0,615873120200903
491,-79.63,43.68,Mississauga,6158731,2020-09-04,23.0,12.4,17.7,0.2,0.0,0.2,615873120200904
492,-79.63,43.68,Mississauga,6158731,2020-09-05,21.1,11.5,16.3,0.0,0.0,0.0,615873120200905
493,-79.63,43.68,Mississauga,6158731,2020-09-06,22.0,9.4,15.7,0.0,0.0,0.0,615873120200906
494,-79.63,43.68,Mississauga,6158731,2020-09-07,25.2,15.6,20.4,5.2,0.0,5.2,615873120200907
495,-79.63,43.68,Mississauga,6158731,2020-09-08,16.5,14.4,15.5,0.0,0.0,0.0,615873120200908
496,-79.63,43.68,Mississauga,6158731,2020-09-09,18.5,13.6,16.1,0.0,0.0,0.0,615873120200909
497,-79.63,43.68,Mississauga,6158731,2020-09-10,19.8,13.0,16.4,0.0,0.0,0.0,615873120200910
498,-79.63,43.68,Mississauga,6158731,2020-09-11,17.6,11.6,14.6,0.0,0.0,0.0,615873120200911
499,-79.63,43.68,Mississauga,6158731,2020-09-12,21.4,10.4,15.9,0.0,0.0,0.0,615873120200912
500,-79.63,43.68,Mississauga,6158731,2020-09-13,26.1,13.8,20.0,3.8,0.0,3.8,615873120200913
501,-79.63,43.68,Mississauga,6158731,2020-09-14,17.5,6.7,12.1,0.0,0.0,0.0,615873120200914
502,-79.63,43.68,Mississauga,6158731,2020-09-15,19.8,5.0,12.4,0.0,0.0,0.0,615873120200915
503,-79.63,43.68,Mississauga,6158731,2020-09-16,25.4,14.1,19.8,0.0,0.0,0.0,615873120200916
504,-79.63,43.68,Mississauga,6158731,2020-09-17,19.2,7.5,13.4,0.0,0.0,0.0,615873120200917
505,-79.63,43.68,Mississauga,6158731,2020-09-18,15.9,5.3,10.6,0.0,0.0,0.0,615873120200918
506,-79.63,43.68,Mississauga,6158731,2020-09-19,14.4,3.1,8.8,0.0,0.0,0.0,615873120200919
507,-79.63,43.68,Mississauga,6158731,2020-09-20,16.8,9.1,13.0,0.0,0.0,0.0,615873120200920
508,-79.63,43.68,Mississauga,6158731,2020-09-21,19.5,4.1,11.8,0.0,0.0,0.0,615873120200921
509,-79.63,43.68,Mississauga,6158731,2020-09-22,21.5,6.7,14.1,0.0,0.0,0.0,615873120200922
510,-79.63,43.68,Mississauga,6158731,2020-09-23,27.6,12.2,19.9,0.0,0.0,0.0,615873120200923
511,-79.63,43.68,Mississauga,6158731,2020-09-24,25.1,11.8,18.5,2.0,0.0,2.0,615873120200924
512,-79.63,43.68,Mississauga,6158731,2020-09-25,24.4,14.1,19.3,0.0,0.0,0.0,615873120200925
513,-79.63,43.68,Mississauga,6158731,2020-09-26,25.9,12.0,19.0,0.0,0.0,0.0,615873120200926
514,-79.63,43.68,Mississauga,6158731,2020-09-27,27.2,19.6,23.4,0.0,0.0,0.0,615873120200927
515,-79.63,43.68,Mississauga,6158731,2020-09-28,26.7,14.7,20.7,8.4,0.0,8.4,615873120200928
516,-79.63,43.68,Mississauga,6158731,2020-09-29,19.0,12.8,15.9,2.2,0.0,2.2,615873120200929
517,-79.63,43.68,Mississauga,6158731,2020-09-30,19.0,10.1,14.6,5.0,0.0,5.0,615873120200930
518,-79.63,43.68,Mississauga,6158731,2020-10-01,17.9,8.3,13.1,0.0,0.0,0.0,615873120201001
519,-79.63,43.68,Mississauga,6158731,2020-10-02,15.5,5.5,10.5,0.0,0.0,0.0,615873120201002
520,-79.63,43.68,Mississauga,6158731,2020-10-03,13.0,3.3,8.2,4.0,0.0,4.0,615873120201003
521,-79.63,43.68,Mississauga,6158731,2020-10-04,11.4,5.7,8.6,3.2,0.0,3.2,615873120201004
522,-79.63,43.68,Mississauga,6158731,2020-10-05,15.1,7.2,11.2,0.0,0.0,0.0,615873120201005
523,-79.63,43.68,Mississauga,6158731,2020-10-06,19.5,7.8,13.7,0.0,0.0,0.0,615873120201006
524,-79.63,43.68,Mississauga,6158731,2020-10-07,18.5,9.2,13.9,2.6,0.0,2.6,615873120201007
525,-79.63,43.68,Mississauga,6158731,2020-10-08,16.5,5.3,10.9,0.8,0.0,0.8,615873120201008
526,-79.63,43.68,Mississauga,6158731,2020-10-09,18.3,2.8,10.6,0.0,0.0,0.0,615873120201009
527,-79.63,43.68,Mississauga,6158731,2020-10-10,22.1,7.8,15.0,0.4,0.0,0.4,615873120201010
528,-79.63,43.68,Mississauga,6158731,2020-10-11,11.7,5.4,8.6,0.0,0.0,0.0,615873120201011
529,-79.63,43.68,Mississauga,6158731,2020-10-12,16.4,7.6,12.0,0.2,0.0,0.2,615873120201012
530,-79.63,43.68,Mississauga,6158731,2020-10-13,18.0,10.1,14.1,7.8,0.0,7.8,615873120201013
531,-79.63,43.68,Mississauga,6158731,2020-10-14,17.4,6.3,11.9,0.0,0.0,0.0,615873120201014
532,-79.63,43.68,Mississauga,6158731,2020-10-15,17.2,6.9,12.1,11.6,0.0,11.6,615873120201015
533,-79.63,43.68,Mississauga,6158731,2020-10-16,12.2,2.6,7.4,0.0,0.0,0.0,615873120201016
534,-79.63,43.68,Mississauga,6158731,2020-10-17,13.5,2.6,8.1,0.0,0.0,0.0,615873120201017
535,-79.63,43.68,Mississauga,6158731,2020-10-18,14.2,6.3,10.3,2.0,0.0,2.0,615873120201018
536,-79.63,43.68,Mississauga,6158731,2020-10-19,8.1,5.9,7.0,8.6,0.0,8.6,615873120201019
537,-79.63,43.68,Mississauga,6158731,2020-10-20,11.5,6.0,8.8,1.2,0.0,1.2,615873120201020
538,-79.63,43.68,Mississauga,6158731,2020-10-21,17.2,7.1,12.2,5.0,0.0,5.0,615873120201021
539,-79.63,43.68,Mississauga,6158731,2020-10-22,12.3,8.5,10.4,2.0,0.0,2.0,615873120201022
540,-79.63,43.68,Mississauga,6158731,2020-10-23,24.7,8.2,16.5,2.6,0.0,2.6,615873120201023
541,-79.63,43.68,Mississauga,6158731,2020-10-24,8.4,2.6,5.5,0.0,0.0,0.0,615873120201024
542,-79.63,43.68,Mississauga,6158731,2020-10-25,6.4,1.8,4.1,0.0,0.0,0.0,615873120201025
543,-79.63,43.68,Mississauga,6158731,2020-10-26,8.1,2.4,5.3,1.6,0.0,1.6,615873120201026
544,-79.63,43.68,Mississauga,6158731,2020-10-27,7.3,1.5,4.4,5.2,0.0,5.2,615873120201027
545,-79.63,43.68,Mississauga,6158731,2020-10-28,11.8,2.4,7.1,0.0,0.0,0.0,615873120201028
546,-79.63,43.68,Mississauga,6158731,2020-10-29,10.8,2.1,6.5,1.6,0.0,1.6,615873120201029
547,-79.63,43.68,Mississauga,6158731,2020-10-30,2.3,-4.3,-1.0,0.0,0.0,0.0,615873120201030
548,-79.63,43.68,Mississauga,6158731,2020-10-31,6.7,-5.4,0.7,0.0,0.0,0.0,615873120201031
549,-79.63,43.68,Mississauga,6158731,2020-11-01,11.2,0.0,5.6,2.2,1.0,3.6,615873120201101
550,-79.63,43.68,Mississauga,6158731,2020-11-02,7.2,-2.1,2.6,0.0,0.0,0.0,615873120201102
551,-79.63,43.68,Mississauga,6158731,2020-11-03,7.1,3.8,5.5,0.0,0.0,0.0,615873120201103
552,-79.63,43.68,Mississauga,6158731,2020-11-04,19.6,1.8,10.7,0.0,0.0,0.0,615873120201104
553,-79.63,43.68,Mississauga,6158731,2020-11-05,19.2,11.4,15.3,0.0,0.0,0.0,615873120201105
554,-79.63,43.68,Mississauga,6158731,2020-11-06,20.8,9.1,15.0,0.0,0.0,0.0,615873120201106
555,-79.63,43.68,Mississauga,6158731,2020-11-07,21.0,9.4,15.2,0.0,0.0,0.0,615873120201107
556,-79.63,43.68,Mississauga,6158731,2020-11-08,20.1,6.2,13.2,0.0,0.0,0.0,615873120201108
557,-79.63,43.68,Mississauga,6158731,2020-11-09,19.5,6.9,13.2,0.0,0.0,0.0,615873120201109
558,-79.63,43.68,Mississauga,6158731,2020-11-10,24.3,7.8,16.1,0.0,0.0,0.0,615873120201110
559,-79.63,43.68,Mississauga,6158731,2020-11-11,18.2,5.5,11.9,0.6,0.0,0.6,615873120201111
560,-79.63,43.68,Mississauga,6158731,2020-11-12,9.8,3.7,6.8,0.0,0.0,0.0,615873120201112
561,-79.63,43.68,Mississauga,6158731,2020-11-13,9.0,3.3,6.2,0.0,0.0,0.0,615873120201113
562,-79.63,43.68,Mississauga,6158731,2020-11-14,7.6,0.1,3.9,0.0,0.0,0.0,615873120201114
563,-79.63,43.68,Mississauga,6158731,2020-11-15,13.2,3.1,8.2,10.4,0.0,10.4,615873120201115
564,-79.63,43.68,Mississauga,6158731,2020-11-16,4.1,1.1,2.6,0.2,0.0,0.2,615873120201116
565,-79.63,43.68,Mississauga,6158731,2020-11-17,3.0,-5.4,-1.2,0.0,0.6,0.6,615873120201117
566,-79.63,43.68,Mississauga,6158731,2020-11-18,1.5,-6.2,-2.4,0.0,0.0,0.0,615873120201118
567,-79.63,43.68,Mississauga,6158731,2020-11-19,15.0,1.5,8.3,0.0,0.0,0.0,615873120201119
568,-79.63,43.68,Mississauga,6158731,2020-11-20,17.8,6.1,12.0,0.0,0.0,0.0,615873120201120
569,-79.63,43.68,Mississauga,6158731,2020-11-21,6.0,0.3,3.2,0.0,0.0,0.0,615873120201121
570,-79.63,43.68,Mississauga,6158731,2020-11-22,1.9,-1.0,0.5,0.0,19.4,19.4,615873120201122
571,-79.63,43.68,Mississauga,6158731,2020-11-23,3.5,-4.2,-0.4,0.0,0.0,0.0,615873120201123
572,-79.63,43.68,Mississauga,6158731,2020-11-24,2.1,-1.7,0.2,0.0,1.0,1.0,615873120201124
573,-79.63,43.68,Mississauga,6158731,2020-11-25,8.3,1.3,4.8,6.8,0.0,6.8,615873120201125
574,-79.63,43.68,Mississauga,6158731,2020-11-26,11.9,6.6,9.3,1.2,0.0,1.2,615873120201126
575,-79.63,43.68,Mississauga,6158731,2020-11-27,7.8,4.9,6.4,0.0,0.0,0.0,615873120201127
576,-79.63,43.68,Mississauga,6158731,2020-11-28,7.0,1.8,4.4,0.0,0.0,0.0,615873120201128
577,-79.63,43.68,Mississauga,6158731,2020-11-29,10.8,0.7,5.8,0.0,0.0,0.0,615873120201129
578,-79.63,43.68,Mississauga,6158731,2020-11-30,5.5,-0.9,2.3,20.6,1.4,22.0,615873120201130
579,-79.63,43.68,Mississauga,6158731,2020-12-01,-0.1,-2.2,-1.2,0.0,9.8,8.4,615873120201201
580,-79.63,43.68,Mississauga,6158731,2020-12-02,3.8,-1.4,1.2,0.0,0.0,1.0,615873120201202
581,-79.63,43.68,Mississauga,6158731,2020-12-03,4.1,-1.5,1.3,0.0,0.0,0.0,615873120201203
582,-79.63,43.68,Mississauga,6158731,2020-12-04,3.4,-0.2,1.6,0.0,0.0,3.6,615873120201204
583,-79.63,43.68,Mississauga,6158731,2020-12-05,1.7,-4.5,-1.4,0.0,0.0,0.0,615873120201205
584,-79.63,43.68,Mississauga,6158731,2020-12-06,0.7,-6.3,-2.8,0.0,0.0,0.0,615873120201206
585,-79.63,43.68,Mississauga,6158731,2020-12-07,1.0,-6.3,-2.7,0.0,0.0,0.0,615873120201207
586,-79.63,43.68,Mississauga,6158731,2020-12-08,1.9,-6.7,-2.4,0.0,0.0,0.0,615873120201208
587,-79.63,43.68,Mississauga,6158731,2020-12-09,4.4,0.1,2.3,0.2,4.2,4.0,615873120201209
588,-79.63,43.68,Mississauga,6158731,2020-12-10,5.9,0.9,3.4,0.0,0.0,0.0,615873120201210
589,-79.63,43.68,Mississauga,6158731,2020-12-11,9.4,0.8,5.1,0.0,0.0,0.0,615873120201211
590,-79.63,43.68,Mississauga,6158731,2020-12-12,9.1,3.4,6.3,8.0,0.0,8.0,615873120201212
591,-79.63,43.68,Mississauga,6158731,2020-12-13,5.1,-0.6,2.3,0.0,0.0,0.0,615873120201213
592,-79.63,43.68,Mississauga,6158731,2020-12-14,1.7,-2.5,-0.4,0.0,0.0,0.0,615873120201214
593,-79.63,43.68,Mississauga,6158731,2020-12-15,-2.4,-7.7,-5.1,0.0,0.2,0.2,615873120201215
594,-79.63,43.68,Mississauga,6158731,2020-12-16,-5.6,-8.7,-7.2,0.0,1.4,1.4,615873120201216
595,-79.63,43.68,Mississauga,6158731,2020-12-17,-2.7,-8.0,-5.4,0.0,0.6,0.6,615873120201217
596,-79.63,43.68,Mississauga,6158731,2020-12-18,-1.3,-9.7,-5.5,0.0,0.0,0.0,615873120201218
597,-79.63,43.68,Mississauga,6158731,2020-12-19,2.5,-2.0,0.3,0.4,1.8,2.2,615873120201219
598,-79.63,43.68,Mississauga,6158731,2020-12-20,5.0,-0.4,2.3,1.2,0.0,1.2,615873120201220
599,-79.63,43.68,Mississauga,6158731,2020-12-21,4.3,-1.3,1.5,0.2,0.0,0.2,615873120201221
600,-79.63,43.68,Mississauga,6158731,2020-12-22,2.7,-0.8,1.0,0.0,0.0,0.0,615873120201222
601,-79.63,43.68,Mississauga,6158731,2020-12-23,6.3,0.5,3.4,1.8,0.0,1.8,615873120201223
602,-79.63,43.68,Mississauga,6158731,2020-12-24,9.6,-2.8,3.4,6.8,4.4,12.4,615873120201224
603,-79.63,43.68,Mississauga,6158731,2020-12-25,-0.4,-5.4,-2.9,0.0,8.6,8.0,615873120201225
604,-79.63,43.68,Mississauga,6158731,2020-12-26,-2.5,-5.5,-4.0,0.0,1.6,1.6,615873120201226
605,-79.63,43.68,Mississauga,6158731,2020-12-27,2.5,-3.7,-0.6,0.8,0.2,1.0,615873120201227
606,-79.63,43.68,Mississauga,6158731,2020-12-28,4.4,-3.6,0.4,5.0,0.2,5.2,615873120201228
607,-79.63,43.68,Mississauga,6158731,2020-12-29,-1.2,-5.6,-3.4,0.0,0.0,0.0,615873120201229
608,-79.63,43.68,Mississauga,6158731,2020-12-30,5.1,-3.7,0.7,1.6,1.6,3.2,615873120201230
609,-79.63,43.68,Mississauga,6158731,2020-12-31,1.5,-3.0,-0.8,0.0,0.0,0.0,615873120201231
610,-79.69,43.51,Oakville,6155750,2020-09-01,28.0,18.0,23.0,0.0,0.0,0.0,615575020200901
611,-79.69,43.51,Oakville,6155750,2020-09-02,29.0,20.0,24.5,5.0,0.0,5.0,615575020200902
612,-79.69,43.51,Oakville,6155750,2020-09-03,29.5,14.5,22.0,1.2,0.0,1.2,615575020200903
613,-79.69,43.51,Oakville,6155750,2020-09-04,24.0,13.0,18.5,0.0,0.0,0.0,615575020200904
614,-79.69,43.51,Oakville,6155750,2020-09-05,21.5,11.0,16.3,1.6,0.0,1.6,615575020200905
615,-79.69,43.51,Oakville,6155750,2020-09-06,22.5,9.0,15.8,9.0,0.0,9.0,615575020200906
616,-79.69,43.51,Oakville,6155750,2020-09-07,25.5,14.5,20.0,2.4,0.0,2.4,615575020200907
617,-79.69,43.51,Oakville,6155750,2020-09-08,17.5,15.5,16.5,0.0,0.0,0.0,615575020200908
618,-79.69,43.51,Oakville,6155750,2020-09-09,19.0,14.0,16.5,3.0,0.0,3.0,615575020200909
619,-79.69,43.51,Oakville,6155750,2020-09-10,22.0,14.0,18.0,0.0,0.0,0.0,615575020200910
620,-79.69,43.51,Oakville,6155750,2020-09-11,17.0,11.0,14.0,0.0,0.0,0.0,615575020200911
621,-79.69,43.51,Oakville,6155750,2020-09-12,21.0,12.0,16.5,1.0,0.0,1.0,615575020200912
622,-79.69,43.51,Oakville,6155750,2020-09-13,27.0,14.5,20.8,7.6,0.0,7.6,615575020200913
623,-79.69,43.51,Oakville,6155750,2020-09-14,18.5,11.0,14.8,0.0,0.0,0.0,615575020200914
624,-79.69,43.51,Oakville,6155750,2020-09-15,21.0,6.0,13.5,0.0,0.0,0.0,615575020200915
625,-79.69,43.51,Oakville,6155750,2020-09-16,25.5,8.0,16.8,0.0,0.0,0.0,615575020200916
626,-79.69,43.51,Oakville,6155750,2020-09-17,20.0,13.5,16.8,0.0,0.0,0.0,615575020200917
627,-79.69,43.51,Oakville,6155750,2020-09-18,17.0,10.0,13.5,0.0,0.0,0.0,615575020200918
628,-79.69,43.51,Oakville,6155750,2020-09-19,14.5,3.0,8.8,0.0,0.0,0.0,615575020200919
629,-79.69,43.51,Oakville,6155750,2020-09-20,18.0,7.0,12.5,0.0,0.0,0.0,615575020200920
630,-79.69,43.51,Oakville,6155750,2020-09-21,20.0,6.0,13.0,0.0,0.0,0.0,615575020200921
631,-79.69,43.51,Oakville,6155750,2020-09-22,23.0,7.0,15.0,0.0,0.0,0.0,615575020200922
632,-79.69,43.51,Oakville,6155750,2020-09-23,28.0,12.0,20.0,1.2,0.0,1.2,615575020200923
633,-79.69,43.51,Oakville,6155750,2020-09-24,25.0,13.0,19.0,3.1,0.0,3.1,615575020200924
634,-79.69,43.51,Oakville,6155750,2020-09-25,24.0,15.0,19.5,2.7,0.0,2.7,615575020200925
635,-79.69,43.51,Oakville,6155750,2020-09-26,27.0,13.0,20.0,0.0,0.0,0.0,615575020200926
636,-79.69,43.51,Oakville,6155750,2020-09-27,27.0,16.0,21.5,0.0,0.0,0.0,615575020200927
637,-79.69,43.51,Oakville,6155750,2020-09-28,26.0,17.0,21.5,12.0,0.0,12.0,615575020200928
638,-79.69,43.51,Oakville,6155750,2020-09-29,20.0,12.0,16.0,0.0,0.0,0.0,615575020200929
639,-79.69,43.51,Oakville,6155750,2020-09-30,19.5,11.0,15.3,11.0,0.0,11.0,615575020200930
640,-79.69,43.51,Oakville,6155750,2020-10-01,19.0,9.0,14.0,2.8,0.0,2.8,615575020201001
641,-79.69,43.51,Oakville,6155750,2020-10-02,15.0,7.5,11.3,3.0,0.0,3.0,615575020201002
642,-79.69,43.51,Oakville,6155750,2020-10-03,13.5,3.0,8.3,0.6,0.0,0.6,615575020201003
643,-79.69,43.51,Oakville,6155750,2020-10-04,11.5,7.0,9.3,5.8,0.0,5.8,615575020201004
644,-79.69,43.51,Oakville,6155750,2020-10-05,17.0,6.0,11.5,0.0,0.0,0.0,615575020201005
645,-79.69,43.51,Oakville,6155750,2020-10-06,20.0,8.0,14.0,2.6,0.0,2.6,615575020201006
646,-79.69,43.51,Oakville,6155750,2020-10-07,19.0,14.0,16.5,2.0,0.0,2.0,615575020201007
647,-79.69,43.51,Oakville,6155750,2020-10-08,16.5,5.0,10.8,0.8,0.0,0.8,615575020201008
648,-79.69,43.51,Oakville,6155750,2020-10-09,19.5,4.5,12.0,0.0,0.0,0.0,615575020201009
649,-79.69,43.51,Oakville,6155750,2020-10-10,23.0,8.5,15.8,0.6,0.0,0.6,615575020201010
650,-79.69,43.51,Oakville,6155750,2020-10-11,11.5,6.0,8.8,0.0,0.0,0.0,615575020201011
651,-79.69,43.51,Oakville,6155750,2020-10-12,15.5,7.0,11.3,4.6,0.0,4.6,615575020201012
652,-79.69,43.51,Oakville,6155750,2020-10-13,18.5,9.5,14.0,0.0,0.0,0.0,615575020201013
653,-79.69,43.51,Oakville,6155750,2020-10-14,18.5,7.0,12.8,1.0,0.0,1.0,615575020201014
654,-79.69,43.51,Oakville,6155750,2020-10-15,15.0,10.0,12.5,14.6,0.0,14.6,615575020201015
655,-79.69,43.51,Oakville,6155750,2020-10-16,15.0,1.0,8.0,14.5,0.0,14.5,615575020201016
656,-79.69,43.51,Oakville,6155750,2020-10-17,15.0,1.0,8.0,0.0,0.0,0.0,615575020201017
657,-79.69,43.51,Oakville,6155750,2020-10-18,14.5,7.0,10.8,3.0,0.0,3.0,615575020201018
658,-79.69,43.51,Oakville,6155750,2020-10-19,8.0,6.0,7.0,7.8,0.0,7.8,615575020201019
659,-79.69,43.51,Oakville,6155750,2020-10-20,15.0,5.5,10.3,4.4,0.0,4.4,615575020201020
660,-79.69,43.51,Oakville,6155750,2020-10-21,18.0,7.0,12.5,8.2,0.0,8.2,615575020201021
661,-79.69,43.51,Oakville,6155750,2020-10-22,14.0,7.0,10.5,0.4,0.0,0.4,615575020201022
662,-79.69,43.51,Oakville,6155750,2020-10-23,25.0,9.5,17.3,4.4,0.0,4.4,615575020201023
663,-79.69,43.51,Oakville,6155750,2020-10-24,8.5,4.0,6.3,0.0,0.0,0.0,615575020201024
664,-79.69,43.51,Oakville,6155750,2020-10-25,8.0,2.0,5.0,0.0,0.0,0.0,615575020201025
665,-79.69,43.51,Oakville,6155750,2020-10-26,10.0,2.0,6.0,0.0,0.0,0.0,615575020201026
666,-79.69,43.51,Oakville,6155750,2020-10-27,8.0,5.0,6.5,4.8,0.0,4.8,615575020201027
667,-79.69,43.51,Oakville,6155750,2020-10-28,12.5,1.5,7.0,0.0,0.0,0.0,615575020201028
668,-79.69,43.51,Oakville,6155750,2020-10-29,11.0,4.5,7.8,1.2,0.0,1.2,615575020201029
669,-79.69,43.51,Oakville,6155750,2020-10-30,3.5,1.0,2.3,0.0,0.0,0.0,615575020201030
670,-79.69,43.51,Oakville,6155750,2020-10-31,12.0,-4.5,3.8,0.0,0.0,0.0,615575020201031
671,-79.69,43.51,Oakville,6155750,2020-11-01,12.0,1.0,6.5,2.0,0.0,2.0,615575020201101
672,-79.69,43.51,Oakville,6155750,2020-11-02,7.5,-1.0,3.3,0.0,0.0,0.0,615575020201102
673,-79.69,43.51,Oakville,6155750,2020-11-03,14.0,1.5,7.8,0.0,0.0,0.0,615575020201103
674,-79.69,43.51,Oakville,6155750,2020-11-04,20.0,3.0,11.5,0.0,0.0,0.0,615575020201104
675,-79.69,43.51,Oakville,6155750,2020-11-05,20.0,11.0,15.5,0.0,0.0,0.0,615575020201105
676,-79.69,43.51,Oakville,6155750,2020-11-06,21.5,9.0,15.3,0.0,0.0,0.0,615575020201106
677,-79.69,43.51,Oakville,6155750,2020-11-07,22.0,9.5,15.8,0.0,0.0,0.0,615575020201107
678,-79.69,43.51,Oakville,6155750,2020-11-08,22.0,6.5,14.3,0.0,0.0,0.0,615575020201108
679,-79.69,43.51,Oakville,6155750,2020-11-09,20.0,9.0,14.5,0.0,0.0,0.0,615575020201109
680,-79.69,43.51,Oakville,6155750,2020-11-10,25.0,9.0,17.0,0.4,0.0,0.4,615575020201110
681,-79.69,43.51,Oakville,6155750,2020-11-11,19.0,16.0,17.5,0.0,0.0,0.0,615575020201111
682,-79.69,43.51,Oakville,6155750,2020-11-12,12.5,4.0,8.3,0.0,0.0,0.0,615575020201112
683,-79.69,43.51,Oakville,6155750,2020-11-13,10.5,3.5,7.0,0.0,0.0,0.0,615575020201113
684,-79.69,43.51,Oakville,6155750,2020-11-14,9.0,-0.5,4.3,5.6,0.0,5.6,615575020201114
685,-79.69,43.51,Oakville,6155750,2020-11-15,14.0,2.5,8.3,5.6,0.0,5.6,615575020201115
686,-79.69,43.51,Oakville,6155750,2020-11-16,5.0,3.5,4.3,0.0,0.0,0.0,615575020201116
687,-79.69,43.51,Oakville,6155750,2020-11-17,4.0,0.0,2.0,0.0,0.0,0.0,615575020201117
688,-79.69,43.51,Oakville,6155750,2020-11-18,8.0,-4.5,1.8,0.0,0.0,0.0,615575020201118
689,-79.69,43.51,Oakville,6155750,2020-11-19,15.5,-2.5,6.5,0.0,0.0,0.0,615575020201119
690,-79.69,43.51,Oakville,6155750,2020-11-20,15.5,7.0,11.3,0.0,0.0,0.0,615575020201120
691,-79.69,43.51,Oakville,6155750,2020-11-21,6.0,3.5,4.8,0.0,0.0,0.0,615575020201121
692,-79.69,43.51,Oakville,6155750,2020-11-22,1.5,-1.5,0.0,0.0,13.0,25.0,615575020201122
693,-79.69,43.51,Oakville,6155750,2020-11-23,3.5,-2.5,0.5,0.0,0.0,0.0,615575020201123
694,-79.69,43.51,Oakville,6155750,2020-11-24,4.5,-4.0,0.3,3.0,0.0,3.0,615575020201124
695,-79.69,43.51,Oakville,6155750,2020-11-25,8.0,-1.0,3.5,8.2,0.0,8.2,615575020201125
696,-79.69,43.51,Oakville,6155750,2020-11-26,12.0,4.0,8.0,0.4,0.0,0.4,615575020201126
697,-79.69,43.51,Oakville,6155750,2020-11-27,8.5,6.5,7.5,0.0,0.0,0.0,615575020201127
698,-79.69,43.51,Oakville,6155750,2020-11-28,8.0,2.5,5.3,0.0,0.0,0.0,615575020201128
699,-79.69,43.51,Oakville,6155750,2020-11-29,12.0,1.5,6.8,1.7,0.0,1.7,615575020201129
700,-79.69,43.51,Oakville,6155750,2020-11-30,6.0,4.0,5.0,0.0,4.0,0.0,615575020201130
701,-79.69,43.51,Oakville,6155750,2020-12-01,0.5,-2.0,-0.8,0.0,10.0,5.0,615575020201201
702,-79.69,43.51,Oakville,6155750,2020-12-02,5.0,-2.0,1.5,0.0,0.0,0.0,615575020201202
703,-79.69,43.51,Oakville,6155750,2020-12-03,6.5,-1.5,2.5,0.6,0.4,1.0,615575020201203
704,-79.69,43.51,Oakville,6155750,2020-12-04,3.0,1.5,2.3,3.2,0.0,3.2,615575020201204
705,-79.69,43.51,Oakville,6155750,2020-12-05,2.0,0.5,1.3,0.0,0.0,0.0,615575020201205
706,-79.69,43.51,Oakville,6155750,2020-12-06,2.5,-4.0,-0.8,0.0,0.0,0.0,615575020201206
707,-79.69,43.51,Oakville,6155750,2020-12-07,2.5,-7.0,-2.3,0.0,0.0,0.0,615575020201207
708,-79.69,43.51,Oakville,6155750,2020-12-08,3.0,-7.0,-2.0,0.0,0.0,0.0,615575020201208
709,-79.69,43.51,Oakville,6155750,2020-12-09,4.5,-2.0,1.3,0.0,0.0,0.0,615575020201209
710,-79.69,43.51,Oakville,6155750,2020-12-10,8.0,1.0,4.5,0.0,0.0,0.0,615575020201210
711,-79.69,43.51,Oakville,6155750,2020-12-11,10.0,-0.5,4.8,0.6,0.0,0.6,615575020201211
712,-79.69,43.51,Oakville,6155750,2020-12-12,9.0,2.5,5.8,10.6,0.0,10.6,615575020201212
713,-79.69,43.51,Oakville,6155750,2020-12-13,2.0,-0.5,0.8,0.0,0.0,0.0,615575020201213
714,-79.69,43.51,Oakville,6155750,2020-12-14,2.0,-0.5,0.8,0.0,0.0,0.0,615575020201214
715,-79.69,43.51,Oakville,6155750,2020-12-15,-0.5,-4.0,-2.3,0.0,0.0,0.0,615575020201215
716,-79.69,43.51,Oakville,6155750,2020-12-16,-2.0,-7.0,-4.5,0.0,2.0,1.0,615575020201216
717,-79.69,43.51,Oakville,6155750,2020-12-17,-3.5,-7.5,-5.5,0.0,0.0,0.0,615575020201217
718,-79.69,43.51,Oakville,6155750,2020-12-18,2.0,-8.0,-3.0,0.0,0.0,0.0,615575020201218
719,-79.69,43.51,Oakville,6155750,2020-12-19,3.5,-5.0,-0.8,3.8,0.0,3.8,615575020201219
720,-79.69,43.51,Oakville,6155750,2020-12-20,5.0,1.0,3.0,0.0,0.0,0.0,615575020201220
721,-79.69,43.51,Oakville,6155750,2020-12-21,5.0,-2.0,1.5,0.6,0.0,0.6,615575020201221
722,-79.69,43.51,Oakville,6155750,2020-12-22,2.5,-1.0,0.8,0.0,0.0,0.0,615575020201222
723,-79.69,43.51,Oakville,6155750,2020-12-23,10.0,0.0,5.0,4.2,0.0,4.2,615575020201223
724,-79.69,43.51,Oakville,6155750,2020-12-24,10.5,1.0,5.8,0.0,8.6,8.6,615575020201224
725,-79.69,43.51,Oakville,6155750,2020-12-25,0.0,-2.5,-1.3,0.0,2.4,2.2,615575020201225
726,-79.69,43.51,Oakville,6155750,2020-12-26,-1.5,-6.0,-3.8,0.0,0.0,0.0,615575020201226
727,-79.69,43.51,Oakville,6155750,2020-12-27,5.0,-5.0,0.0,7.0,0.0,7.0,615575020201227
728,-79.69,43.51,Oakville,6155750,2020-12-28,3.0,-2.0,0.5,0.0,0.0,0.0,615575020201228
729,-79.69,43.51,Oakville,6155750,2020-12-29,1.0,-5.0,-2.0,0.0,3.0,3.0,615575020201229
730,-79.69,43.51,Oakville,6155750,2020-12-30,5.5,-5.5,0.0,8.0,0.0,8.0,615575020201230
731,-79.69,43.51,Oakville,6155750,2020-12-31,2.0,-1.5,0.3,0.0,0.0,0.0,615575020201231
